Workbook

Sheet Datos
A1: Fecha | B1: NIS | C1: Cliente | D1: IVA | E1: Consumo [kWh] | F1: Consumo hs punta [kWh] | G1: Consumo hs valle [kWh] | H1: Consumo hs resto[kWh] | I1: Catergoria | J1: Tarifa punta | K1: Tarifa valle | L1: Tarifa resto | M1: Generacion FV [kWh] | N1: CONSUMO TOTAL | O1: Total a pagar S / IVA | P1: Valor USD | Q1: Ahorro (USD) | R1: Ahorro ($) | S1: Valor dolar Actual ($) | T1: Ahorro ($)-A precio actual | U1: kg CO2e evitados | V1: Equivalente en árboles | W1: % de ahorro sobre los consumos | X1: SIN PANELES S/IVA
A2: 45992 | B2: 5296128 | C2: Fabrica Forja | D2: 0.27 | E2: 1420 | F2: 170 | G2: 301 | H2: 949 | I2: T2-Ba | J2: 148.2814 | K2: 148.2814 | L2: 148.2814 | M2: 270 | N2: =E2+M2 -> 1690 | O2: =J2*F2+G2*K2+H2*L2 -> 210559.59 | P2: 1470 | Q2: =(M2*L2)/P2 -> 27.235359 | R2: =Q2*P2 -> 40035.978 | S2: =IFERROR(__xludf.DUMMYFUNCTION("INDEX(IMPORTHTML(""https://www.bna.com.ar/Personas"", ""table"", 1), 2, 3)"),1465.0) -> 1465 | T2: =Q2*S2*(1+D2) -> 50672.748 | U2: =M2*0.2 -> 54 | V2: =U2/22 -> 2.4545455 | W2: =(M2*L2)/(M2*L2+H2*L2+K2*G2+J2*F2) -> 0.15976331 | X2: =F2*J2+G2*K2+H2*L2+M2*L2 -> 250595.57
A3: 45993 | B3: 5238545 | C3: Cendis | D3: 0.27 | E3: =SUM(F3:H3) -> 46318 | F3: 11250 | G3: 11963 | H3: 23105 | I3: T5-Ba | J3: 168.7698 | K3: 165.9802 | L3: 166.7828 | M3: 13451.7 | N3: =E3+M3 -> 59769.7 | O3: =J3*F3+G3*K3+H3*L3 -> 7737798 | P3: 1470 | Q3: =(M3*L3)/P3 -> 1526.1988 | R3: =Q3*P3 -> 2243512.2 | S3: =IFERROR(__xludf.DUMMYFUNCTION("INDEX(IMPORTHTML(""https://www.bna.com.ar/Personas"", ""table"", 1), 2, 3)"),1465.0) -> 1465 | T3: =Q3*S3*(1+D3) -> 2839569.1 | U3: =M3*0.2 -> 2690.34 | V3: =U3/22 -> 122.28818 | W3: =(M3*L3)/(M3*L3+H3*L3+K3*G3+J3*F3) -> 0.22477131 | X3: =F3*J3+G3*K3+H3*L3+M3*L3 -> 9981310.2
A4: 45994 | B4: 5076526 | C4: Martin Lecuona | D4: 0.27 | E4: =SUM(F4:H4) -> 4410 | F4: 30 | G4: 570 | H4: 3810 | I4: T4-Ba | J4: 152.0913 | K4: 153.7589 | L4: 154.5615
A5: 45992 | B5: 5347980 | C5: Nallim Jose Carlos | D5: 0.27 | E5: 577 | F5: 0 | G5: 0 | H5: , | I5: T1-R2-N1 | J5: 233.1878 | K5: 233.1878 | L5: 233.1878 | M5: 80.9 | N5: =E5+M5 -> 657.9 | O5: =J5*F5+G5*K5+H5*L5 -> #VALUE! | P5: 1470 | Q5: =(M5*L5)/P5 -> 12.833261 | R5: =Q5*P5 -> 18864.893 | S5: =IFERROR(__xludf.DUMMYFUNCTION("INDEX(IMPORTHTML(""https://www.bna.com.ar/Personas"", ""table"", 1), 2, 3)"),1465.0) -> 1465 | T5: =Q5*S5*(1+D5) -> 23876.923 | U5: =M5*0.2 -> 16.18 | V5: =U5/22 -> 0.73545455 | W5: =(M5*L5)/(M5*L5+H5*L5+K5*G5+J5*F5) -> #VALUE! | X5: =F5*J5+G5*K5+H5*L5+M5*L5 -> #VALUE!
A6: 45992 | B6: 5263215 | C6: Distribuidora Maestro | D6: 0.27 | E6: 2403 | F6: 0 | G6: 0 | H6: 2403 | I6: T1-G2 | J6: 195.2987 | K6: 195.2987 | L6: 195.2987 | M6: 1342.3 | N6: =E6+M6 -> 3745.3 | O6: =J6*F6+G6*K6+H6*L6 -> 469302.78 | P6: 1470 | Q6: =(M6*L6)/P6 -> 178.33296 | R6: =Q6*P6 -> 262149.45 | S6: =IFERROR(__xludf.DUMMYFUNCTION("INDEX(IMPORTHTML(""https://www.bna.com.ar/Personas"", ""table"", 1), 2, 3)"),1465.0) -> 1465 | T6: =Q6*S6*(1+D6) -> 331797.38 | U6: =M6*0.2 -> 268.46 | V6: =U6/22 -> 12.202727 | W6: =(M6*L6)/(M6*L6+H6*L6+K6*G6+J6*F6) -> 0.35839586 | X6: =F6*J6+G6*K6+H6*L6+M6*L6 -> 731452.22
A7: 45992 | B7: 3025373 | C7: Agustín Sanz Navamuel | D7: 0.27 | E7: 37973 | F7: 9357 | G7: 11035 | H7: 17581 | I7: T8 | J7: 255.886 | K7: 253.0963 | L7: 253.899 | M7: 6304.4 | N7: =E7+M7 -> 44277.4 | O7: =J7*F7+G7*K7+H7*L7 -> 9651041.3 | P7: 1470 | Q7: =(M7*L7)/P7 -> 1088.8985 | R7: =Q7*P7 -> 1600680.9 | S7: =IFERROR(__xludf.DUMMYFUNCTION("INDEX(IMPORTHTML(""https://www.bna.com.ar/Personas"", ""table"", 1), 2, 3)"),1465.0) -> 1465 | T7: =Q7*S7*(1+D7) -> 2025950.2 | U7: =M7*0.2 -> 1260.88 | V7: =U7/22 -> 57.312727 | W7: =(M7*L7)/(M7*L7+H7*L7+K7*G7+J7*F7) -> 0.14226097 | X7: =F7*J7+G7*K7+H7*L7+M7*L7 -> 11251722
A8: 45992 | B8: 5346222 | C8: O.Domingo-Arenosa | D8: 0.27 | E8: 3833 | F8: 998 | G8: 554 | H8: 2281 | I8: T2-Ba | J8: 148.2814 | K8: 148.2814 | L8: 148.2814 | M8: 3122.4 | N8: =E8+M8 -> 6955.4 | O8: =J8*F8+G8*K8+H8*L8 -> 568362.61 | P8: 1470 | Q8: =(M8*L8)/P8 -> 314.9618 | R8: =Q8*P8 -> 462993.84 | S8: =IFERROR(__xludf.DUMMYFUNCTION("INDEX(IMPORTHTML(""https://www.bna.com.ar/Personas"", ""table"", 1), 2, 3)"),1465.0) -> 1465 | T8: =Q8*S8*(1+D8) -> 586002.17 | U8: =M8*0.2 -> 624.48 | V8: =U8/22 -> 28.385455 | W8: =(M8*L8)/(M8*L8+H8*L8+K8*G8+J8*F8) -> 0.44891739 | X8: =F8*J8+G8*K8+H8*L8+M8*L8 -> 1031356.4
A9: 45992 | B9: 5211887 | C9: O.Domingo-Colectivo | D9: 0.27 | E9: 2829 | F9: 0 | G9: 0 | H9: 2829 | I9: T2-Ba | J9: 148.2814 | K9: 148.2814 | L9: 148.2814 | M9: 1272.1 | N9: =E9+M9 -> 4101.1 | O9: =J9*F9+G9*K9+H9*L9 -> 419488.08 | P9: 1470 | Q9: =(M9*L9)/P9 -> 128.31889 | R9: =Q9*P9 -> 188628.77 | S9: =IFERROR(__xludf.DUMMYFUNCTION("INDEX(IMPORTHTML(""https://www.bna.com.ar/Personas"", ""table"", 1), 2, 3)"),1465.0) -> 1465 | T9: =Q9*S9*(1+D9) -> 238743.71 | U9: =M9*0.2 -> 254.42 | V9: =U9/22 -> 11.564545 | W9: =(M9*L9)/(M9*L9+H9*L9+K9*G9+J9*F9) -> 0.31018507 | X9: =F9*J9+G9*K9+H9*L9+M9*L9 -> 608116.85
A10: 45992 | B10: 5253775 | C10: Joaquín Elizalde | D10: 0.21 | E10: 542 | F10: 0 | G10: 0 | H10: 542 | I10: T1-R2-N1 | J10: 240.5281 | K10: 240.5281 | L10: 240.5281 | M10: 138.3 | N10: =E10+M10 -> 680.3 | O10: =J10*F10+G10*K10+H10*L10 -> 130366.23 | P10: 1470 | Q10: =(M10*L10)/P10 -> 22.629276 | R10: =Q10*P10 -> 33265.036 | S10: =IFERROR(__xludf.DUMMYFUNCTION("INDEX(IMPORTHTML(""https://www.bna.com.ar/Personas"", ""table"", 1), 2, 3)"),1465.0) -> 1465 | T10: =Q10*S10*(1+D10) -> 40113.787 | U10: =M10*0.2 -> 27.66 | V10: =U10/22 -> 1.2572727 | W10: =(M10*L10)/(M10*L10+H10*L10+K10*G10+J10*F10) -> 0.20329267 | X10: =F10*J10+G10*K10+H10*L10+M10*L10 -> 163631.27
A11: 45992 | B11: 4000681 | C11: O.Domingo-Animana | D11: 0.27 | E11: 8034 | F11: 2164 | G11: 2756 | H11: 3114 | I11: T2-Ba | J11: 148.2814 | K11: 148.2814 | L11: 148.2814 | M11: 2746.1 | N11: =E11+M11 -> 10780.1 | O11: =J11*F11+G11*K11+H11*L11 -> 1191292.8 | P11: 1470 | Q11: =(M11*L11)/P11 -> 277.00378 | R11: =Q11*P11 -> 407195.55 | S11: =IFERROR(__xludf.DUMMYFUNCTION("INDEX(IMPORTHTML(""https://www.bna.com.ar/Personas"", ""table"", 1), 2, 3)"),1465.0) -> 1465 | T11: =Q11*S11*(1+D11) -> 515379.38 | U11: =M11*0.2 -> 549.22 | V11: =U11/22 -> 24.964545 | W11: =(M11*L11)/(M11*L11+H11*L11+K11*G11+J11*F11) -> 0.2547379 | X11: =F11*J11+G11*K11+H11*L11+M11*L11 -> 1598488.3
A12: 45992 | B12: 5076619 | C12: LaMerceddelAlto | D12: 0.27 | E12: 3196 | F12: 1096 | G12: 841 | H12: 1259 | I12: T2-Ba | J12: 148.2814 | K12: 148.2814 | L12: 148.2814 | N12: =E12+M12 -> 3196 | O12: =J12*F12+G12*K12+H12*L12 -> 473907.35 | P12: 1470 | Q12: =(M12*L12)/P12 -> 0 | R12: =Q12*P12 -> 0 | S12: =IFERROR(__xludf.DUMMYFUNCTION("INDEX(IMPORTHTML(""https://www.bna.com.ar/Personas"", ""table"", 1), 2, 3)"),1465.0) -> 1465 | T12: =Q12*S12*(1+D12) -> 0 | U12: =M12*0.2 -> 0 | V12: =U12/22 -> 0 | W12: =(M12*L12)/(M12*L12+H12*L12+K12*G12+J12*F12) -> 0 | X12: =F12*J12+G12*K12+H12*L12+M12*L12 -> 473907.35
A13: 45992 | B13: 3092029 | C13: Farmacia San Francisco | D13: 0.27 | E13: 14100 | F13: 4050 | G13: 2100 | H13: 7950 | I13: T4-Ba | J13: 156.5485 | K13: 153.7589 | L13: 154.5615 | M13: 3220 | N13: =E13+M13 -> 17320 | O13: =J13*F13+G13*K13+H13*L13 -> 2185679 | P13: 1470 | Q13: =(M13*L13)/P13 -> 338.56329 | R13: =Q13*P13 -> 497688.03 | S13: =IFERROR(__xludf.DUMMYFUNCTION("INDEX(IMPORTHTML(""https://www.bna.com.ar/Personas"", ""table"", 1), 2, 3)"),1465.0) -> 1465 | T13: =Q13*S13*(1+D13) -> 629913.92 | U13: =M13*0.2 -> 644 | V13: =U13/22 -> 29.272727 | W13: =(M13*L13)/(M13*L13+H13*L13+K13*G13+J13*F13) -> 0.18547147 | X13: =F13*J13+G13*K13+H13*L13+M13*L13 -> 2683367.1
A14: 45992 | B14: 5253773 | C14: Ivan BV | D14: 0.21 | E14: 365 | F14: 116 | G14: 91 | H14: 158 | I14: T1-R2-N1 | J14: 229.3919 | K14: 229.3919 | L14: 229.3919 | M14: 163 | N14: =E14+M14 -> 528 | O14: =J14*F14+G14*K14+H14*L14 -> 83728.043 | P14: 1470 | Q14: =(M14*L14)/P14 -> 25.435973 | R14: =Q14*P14 -> 37390.88 | S14: =IFERROR(__xludf.DUMMYFUNCTION("INDEX(IMPORTHTML(""https://www.bna.com.ar/Personas"", ""table"", 1), 2, 3)"),1465.0) -> 1465 | T14: =Q14*S14*(1+D14) -> 45089.077 | U14: =M14*0.2 -> 32.6 | V14: =U14/22 -> 1.4818182 | W14: =(M14*L14)/(M14*L14+H14*L14+K14*G14+J14*F14) -> 0.30871212 | X14: =F14*J14+G14*K14+H14*L14+M14*L14 -> 121118.92
A15: 45992 | B15: 5238577 | C15: Agustín Lanús | D15: 0.27 | E15: 6223 | F15: 0 | G15: 0 | H15: 6223 | I15: T2-Ba | J15: 148.2814 | K15: 148.2814 | L15: 148.2814 | M15: 1543.5 | N15: =E15+M15 -> 7766.5 | O15: =J15*F15+G15*K15+H15*L15 -> 922755.15 | P15: 1470 | Q15: =(M15*L15)/P15 -> 155.69547 | R15: =Q15*P15 -> 228872.34 | S15: =IFERROR(__xludf.DUMMYFUNCTION("INDEX(IMPORTHTML(""https://www.bna.com.ar/Personas"", ""table"", 1), 2, 3)"),1465.0) -> 1465 | T15: =Q15*S15*(1+D15) -> 289679.21 | U15: =M15*0.2 -> 308.7 | V15: =U15/22 -> 14.031818 | W15: =(M15*L15)/(M15*L15+H15*L15+K15*G15+J15*F15) -> 0.19873817 | X15: =F15*J15+G15*K15+H15*L15+M15*L15 -> 1151627.5
A16: 45992 | B16: 5272486 | C16: Linea C | D16: 0.27 | E16: 4539 | F16: 0 | G16: 0 | H16: 4539 | I16: T1-G2 | J16: 195.2987 | K16: 195.2987 | L16: 195.2987 | M16: 1113.6 | N16: =E16+M16 -> 5652.6 | O16: =J16*F16+G16*K16+H16*L16 -> 886460.8 | P16: 1470 | Q16: =(M16*L16)/P16 -> 147.94873 | R16: =Q16*P16 -> 217484.63 | S16: =IFERROR(__xludf.DUMMYFUNCTION("INDEX(IMPORTHTML(""https://www.bna.com.ar/Personas"", ""table"", 1), 2, 3)"),1465.0) -> 1465 | T16: =Q16*S16*(1+D16) -> 275266.01 | U16: =M16*0.2 -> 222.72 | V16: =U16/22 -> 10.123636 | W16: =(M16*L16)/(M16*L16+H16*L16+K16*G16+J16*F16) -> 0.19700669 | X16: =F16*J16+G16*K16+H16*L16+M16*L16 -> 1103945.4
A17: 45992 | B17: 5019237 | C17: Etchart | D17: 0.27 | E17: 2950 | F17: 684 | G17: 810 | H17: 1456 | I17: T4-Ba | J17: 156.5485 | K17: 153.7589 | L17: 154.5615 | M17: 1063.3 | N17: =E17+M17 -> 4013.3 | O17: =J17*F17+G17*K17+H17*L17 -> 456665.43 | P17: 1470 | Q17: =(M17*L17)/P17 -> 111.79949 | R17: =Q17*P17 -> 164345.24 | S17: =IFERROR(__xludf.DUMMYFUNCTION("INDEX(IMPORTHTML(""https://www.bna.com.ar/Personas"", ""table"", 1), 2, 3)"),1465.0) -> 1465 | T17: =Q17*S17*(1+D17) -> 208008.53 | U17: =M17*0.2 -> 212.66 | V17: =U17/22 -> 9.6663636 | W17: =(M17*L17)/(M17*L17+H17*L17+K17*G17+J17*F17) -> 0.26464158 | X17: =F17*J17+G17*K17+H17*L17+M17*L17 -> 621010.67
A18: 45962 | B18: 5068576 | C18: Facundo Alvarado | D18: 0.27 | E18: 13501 | F18: 2929 | G18: 3482 | H18: 7090 | I18: T4-Ba | J18: 152.0913 | K18: 149.3017 | L18: 150.1043 | M18: 3862.5 | N18: =E18+M18 -> 17363.5 | O18: =J18*F18+G18*K18+H18*L18 -> 2029583.4 | P18: 1470 | Q18: =(M18*L18)/P18 -> 394.40671 | R18: =Q18*P18 -> 579777.86 | S18: =IFERROR(__xludf.DUMMYFUNCTION("INDEX(IMPORTHTML(""https://www.bna.com.ar/Personas"", ""table"", 1), 2, 3)"),1465.0) -> 1465 | T18: =Q18*S18*(1+D18) -> 733813.4 | U18: =M18*0.2 -> 772.5 | V18: =U18/22 -> 35.113636 | W18: =(M18*L18)/(M18*L18+H18*L18+K18*G18+J18*F18) -> 0.22219149 | X18: =F18*J18+G18*K18+H18*L18+M18*L18 -> 2609361.3
A19: 45992 | B19: 5214767 | C19: La Carolina | D19: 0.27 | E19: 6345 | F19: 1180 | G19: 343 | H19: 4822 | I19: T2-Ba | J19: 148.2814 | K19: 148.2814 | L19: 148.2814 | M19: 5109.8 | N19: =E19+M19 -> 11454.8 | O19: =J19*F19+G19*K19+H19*L19 -> 940845.48 | P19: 1470 | Q19: =(M19*L19)/P19 -> 515.43422 | R19: =Q19*P19 -> 757688.3 | S19: =IFERROR(__xludf.DUMMYFUNCTION("INDEX(IMPORTHTML(""https://www.bna.com.ar/Personas"", ""table"", 1), 2, 3)"),1465.0) -> 1465 | T19: =Q19*S19*(1+D19) -> 958991.13 | U19: =M19*0.2 -> 1021.96 | V19: =U19/22 -> 46.452727 | W19: =(M19*L19)/(M19*L19+H19*L19+K19*G19+J19*F19) -> 0.44608374 | X19: =F19*J19+G19*K19+H19*L19+M19*L19 -> 1698533.8
A20: 45992 | B20: 5346470 | C20: Punto Corp | D20: 0.27 | E20: 6144 | F20: 1770 | G20: 1962 | H20: 2412 | I20: T4-Ba | J20: 156.5485 | K20: 153.7589 | L20: 154.5615 | M20: 2452.2 | N20: =E20+M20 -> 8596.2 | O20: =J20*F20+G20*K20+H20*L20 -> 951568.14 | P20: 1470 | Q20: =(M20*L20)/P20 -> 257.83382 | R20: =Q20*P20 -> 379015.71 | S20: =IFERROR(__xludf.DUMMYFUNCTION("INDEX(IMPORTHTML(""https://www.bna.com.ar/Personas"", ""table"", 1), 2, 3)"),1465.0) -> 1465 | T20: =Q20*S20*(1+D20) -> 479712.71 | U20: =M20*0.2 -> 490.44 | V20: =U20/22 -> 22.292727 | W20: =(M20*L20)/(M20*L20+H20*L20+K20*G20+J20*F20) -> 0.28484917 | X20: =F20*J20+G20*K20+H20*L20+M20*L20 -> 1330583.9
A21: 45992 | B21: 5213946 | C21: Tambo Martorell | D21: 0.27 | E21: 6604 | F21: 2584 | G21: 869 | H21: 3151 | I21: T6-Me | J21: 174.6648 | K21: 172.155 | L21: 172.8771 | M21: 1179.2 | N21: =E21+M21 -> 7783.2 | O21: =J21*F21+G21*K21+H21*L21 -> 1145672.3 | P21: 1470 | Q21: =(M21*L21)/P21 -> 138.67801 | R21: =Q21*P21 -> 203856.68 | S21: =IFERROR(__xludf.DUMMYFUNCTION("INDEX(IMPORTHTML(""https://www.bna.com.ar/Personas"", ""table"", 1), 2, 3)"),1465.0) -> 1465 | T21: =Q21*S21*(1+D21) -> 258017.37 | U21: =M21*0.2 -> 235.84 | V21: =U21/22 -> 10.72 | W21: =(M21*L21)/(M21*L21+H21*L21+K21*G21+J21*F21) -> 0.15105765 | X21: =F21*J21+G21*K21+H21*L21+M21*L21 -> 1349529
A22: 45992 | B22: 5251104 | C22: Cartoon Inversor 1 | D22: 0.27 | E22: 12507 | F22: 1173 | G22: 215 | H22: 11119 | I22: T5-Ba | J22: 168.7698 | K22: 165.9802 | L22: 166.7828 | M22: 5243.9 | N22: =E22+M22 -> 17750.9 | O22: =J22*F22+G22*K22+H22*L22 -> 2088110.7 | P22: 1470 | Q22: =(M22*L22)/P22 -> 594.96077 | R22: =Q22*P22 -> 874592.32 | S22: =IFERROR(__xludf.DUMMYFUNCTION("INDEX(IMPORTHTML(""https://www.bna.com.ar/Personas"", ""table"", 1), 2, 3)"),1465.0) -> 1465 | T22: =Q22*S22*(1+D22) -> 1106954.3 | U22: =M22*0.2 -> 1048.78 | V22: =U22/22 -> 47.671818 | W22: =(M22*L22)/(M22*L22+H22*L22+K22*G22+J22*F22) -> 0.29520081 | X22: =F22*J22+G22*K22+H22*L22+M22*L22 -> 2962703
A23: 45992 | B23: 5251101 | C23: Cartoon Inversor 2 | D23: 0.27 | E23: 4392 | F23: 852 | G23: 324 | H23: 3216 | I23: T5-Ba | J23: 168.7698 | K23: 165.9802 | L23: 166.7828 | M23: 3063.6 | N23: =E23+M23 -> 7455.6 | O23: =J23*F23+G23*K23+H23*L23 -> 733942.94 | P23: 1470 | Q23: =(M23*L23)/P23 -> 347.58897 | R23: =Q23*P23 -> 510955.79 | S23: =IFERROR(__xludf.DUMMYFUNCTION("INDEX(IMPORTHTML(""https://www.bna.com.ar/Personas"", ""table"", 1), 2, 3)"),1465.0) -> 1465 | T23: =Q23*S23*(1+D23) -> 646706.66 | U23: =M23*0.2 -> 612.72 | V23: =U23/22 -> 27.850909 | W23: =(M23*L23)/(M23*L23+H23*L23+K23*G23+J23*F23) -> 0.41043964 | X23: =F23*J23+G23*K23+H23*L23+M23*L23 -> 1244898.7
A24: 45992 | B24: 3011513 | C24: Robles | D24: 0.27 | E24: 28047 | F24: 7969 | G24: 9368 | H24: 10710 | I24: T8 | J24: 255.886 | K24: 253.0963 | L24: 253.899 | M24: 10816.3 | N24: =E24+M24 -> 38863.3 | O24: =J24*F24+G24*K24+H24*L24 -> 7129420 | P24: 1470 | Q24: =(M24*L24)/P24 -> 1868.1958 | R24: =Q24*P24 -> 2746247.8 | S24: =IFERROR(__xludf.DUMMYFUNCTION("INDEX(IMPORTHTML(""https://www.bna.com.ar/Personas"", ""table"", 1), 2, 3)"),1465.0) -> 1465 | T24: =Q24*S24*(1+D24) -> 3475871.6 | U24: =M24*0.2 -> 2163.26 | V24: =U24/22 -> 98.33 | W24: =(M24*L24)/(M24*L24+H24*L24+K24*G24+J24*F24) -> 0.27808224 | X24: =F24*J24+G24*K24+H24*L24+M24*L24 -> 9875667.7
... A26: 45992 | B26: 4000202 | C26: Diagnostico Salta | D26: 0.27 | E26: 16520 | F26: 4270 | G26: 3920 | H26: 8330 | I26: T4-Ba | J26: 156.5485 | K26: 153.7589 | L26: 154.5615 | M26: 4092.3 | N26: =E26+M26 -> 20612.3 | O26: =J26*F26+G26*K26+H26*L26 -> 2558694.3 | P26: 1470 | Q26: =(M26*L26)/P26 -> 430.28029 | R26: =Q26*P26 -> 632512.03 | S26: =IFERROR(__xludf.DUMMYFUNCTION("INDEX(IMPORTHTML(""https://www.bna.com.ar/Personas"", ""table"", 1), 2, 3)"),1465.0) -> 1465 | T26: =Q26*S26*(1+D26) -> 800557.99 | U26: =M26*0.2 -> 818.46 | V26: =U26/22 -> 37.202727 | W26: =(M26*L26)/(M26*L26+H26*L26+K26*G26+J26*F26) -> 0.19820468 | X26: =F26*J26+G26*K26+H26*L26+M26*L26 -> 3191206.3
A27: 45962 | B27: 4000202 | C27: Diagnostico Salta | D27: 0.27 | E27: =SUM(F27:H27) -> 15680 | F27: 4130 | G27: 3780 | H27: 7770 | I27: T4-Ba | J27: 152.0913 | K27: 149.3017 | L27: 150.1043 | M27: 3980.5 | N27: =E27+M27 -> 19660.5 | O27: =J27*F27+G27*K27+H27*L27 -> 2358807.9 | P27: 1470 | Q27: =(M27*L27)/P27 -> 406.4559 | R27: =Q27*P27 -> 597490.17 | S27: =IFERROR(__xludf.DUMMYFUNCTION("INDEX(IMPORTHTML(""https://www.bna.com.ar/Personas"", ""table"", 1), 2, 3)"),1465.0) -> 1465 | T27: =Q27*S27*(1+D27) -> 756231.52 | U27: =M27*0.2 -> 796.1 | V27: =U27/22 -> 36.186364 | W27: =(M27*L27)/(M27*L27+H27*L27+K27*G27+J27*F27) -> 0.20210755 | X27: =F27*J27+G27*K27+H27*L27+M27*L27 -> 2956298.1
A28: 45963 | B28: 5238545 | C28: Cendis | D28: 0.27 | E28: =SUM(F28:H28) -> 35146 | F28: 9214 | G28: 9096 | H28: 16836 | I28: T5-Ba | J28: 163.3724 | K28: 160.5827 | L28: 161.3854 | M28: 12463.3 | N28: =E28+M28 -> 47609.3 | O28: =J28*F28+G28*K28+H28*L28 -> 5683058.1 | P28: 1470 | Q28: =(M28*L28)/P28 -> 1368.2957 | R28: =Q28*P28 -> 2011394.7 | S28: =IFERROR(__xludf.DUMMYFUNCTION("INDEX(IMPORTHTML(""https://www.bna.com.ar/Personas"", ""table"", 1), 2, 3)"),1465.0) -> 1465 | T28: =Q28*S28*(1+D28) -> 2545782.5 | U28: =M28*0.2 -> 2492.66 | V28: =U28/22 -> 113.30273 | W28: =(M28*L28)/(M28*L28+H28*L28+K28*G28+J28*F28) -> 0.26140841 | X28: =F28*J28+G28*K28+H28*L28+M28*L28 -> 7694452.8
A29: 45964 | B29: 5263215 | C29: Distribuidora Maestro | D29: 0.27 | E29: =SUM(F29:H29) -> 2199 | H29: 2199 | I29: T1-G2 | J29: 195.1016 | K29: 195.1016 | L29: 195.1016 | M29: 1232.2 | N29: =E29+M29 -> 3431.2 | O29: =J29*F29+G29*K29+H29*L29 -> 429028.42 | P29: 1470 | Q29: =(M29*L29)/P29 -> 163.54027 | R29: =Q29*P29 -> 240404.19 | S29: =IFERROR(__xludf.DUMMYFUNCTION("INDEX(IMPORTHTML(""https://www.bna.com.ar/Personas"", ""table"", 1), 2, 3)"),1465.0) -> 1465 | T29: =Q29*S29*(1+D29) -> 304274.84 | U29: =M29*0.2 -> 246.44 | V29: =U29/22 -> 11.201818 | W29: =(M29*L29)/(M29*L29+H29*L29+K29*G29+J29*F29) -> 0.35911634 | X29: =F29*J29+G29*K29+H29*L29+M29*L29 -> 669432.61
A30: 45965 | B30: 5296128 | C30: Fabrica Forja | D30: 0.27 | E30: =SUM(F30:H30) -> 1461 | F30: 162 | G30: 268 | H30: 1031 | I30: T2-Ba | J30: 145.8675 | K30: 145.8675 | L30: 145.8675 | M30: 337.8 | N30: =E29+M30 -> 2536.8 | O30: =J30*F30+G30*K30+H30*L30 -> 213112.42 | P30: 1470 | Q30: =(M30*L30)/P30 -> 33.519756 | R30: =Q30*P30 -> 49274.041 | S30: =IFERROR(__xludf.DUMMYFUNCTION("INDEX(IMPORTHTML(""https://www.bna.com.ar/Personas"", ""table"", 1), 2, 3)"),1465.0) -> 1465 | T30: =Q30*S30*(1+D30) -> 62365.182 | U30: =M30*0.2 -> 67.56 | V30: =U30/22 -> 3.0709091 | W30: =(M30*L30)/(M30*L30+H30*L30+K30*G30+J30*F30) -> 0.18779186 | X30: =F30*J30+G30*K30+H30*L30+M30*L30 -> 262386.46
A31: 45966 | B31: 3062898 | C31: Tolaba | D31: 0.27 | E31: =SUM(F31:H31) -> 7178 | F31: 1742 | G31: 1984 | H31: 3452 | I31: T8 | J31: 253.749 | K31: 251.0043 | L31: 251.807 | M31: 1018.2 | N31: =F31+M31 -> 2760.2 | O31: =J31*F31+G31*K31+H31*L31 -> 1809261.1 | P31: 1470 | Q31: =(M31*L31)/P31 -> 174.41489 | R31: =Q31*P31 -> 256389.89 | S31: =IFERROR(__xludf.DUMMYFUNCTION("INDEX(IMPORTHTML(""https://www.bna.com.ar/Personas"", ""table"", 1), 2, 3)"),1465.0) -> 1465 | T31: =Q31*S31*(1+D31) -> 324507.62 | U31: =M31*0.2 -> 203.64 | V31: =U31/22 -> 9.2563636 | W31: =(M31*L31)/(M31*L31+H31*L31+K31*G31+J31*F31) -> 0.12412063 | X31: =F31*J31+G31*K31+H31*L31+M31*L31 -> 2065650.9
A32: 45967 | B32: 3011513 | C32: Robles | D32: 0.27 | E32: =SUM(F32:H32) -> 691 | F32: 208 | G32: 207 | H32: 276 | I32: T8 | J32: 253.749 | K32: 251.0043 | L32: 251.807 | M32: 632.2 | N32: =E32+M32 -> 1323.2 | O32: =J33*F32+G32*K33+H32*L33 -> 103969.23 | P32: 1470 | Q32: =(M32*L33)/P32 -> 64.55506 | R32: =Q32*P32 -> 94895.938 | S32: =IFERROR(__xludf.DUMMYFUNCTION("INDEX(IMPORTHTML(""https://www.bna.com.ar/Personas"", ""table"", 1), 2, 3)"),1465.0) -> 1465 | T32: =Q32*S32*(1+D32) -> 120107.92 | U32: =M32*0.2 -> 126.44 | V32: =U32/22 -> 5.7472727 | W32: =(M32*L33)/(M32*L33+H32*L33+K33*G32+J33*F32) -> 0.47718733 | X32: =F32*J33+G32*K33+H32*L33+M32*L33 -> 198865.17
A33: 45968 | B33: 5076526 | C33: Martín Lecuona | D33: 0.27 | E33: =SUM(F33:H33) -> 6180 | F33: 30 | G33: 2130 | H33: 4020 | I33: T4-Ba | J33: 152.0913 | K33: 149.3017 | L33: 150.1043 | M33: 1905.7 | N33: =F33+M33 -> 1935.7 | O33: =J34*F33+G33*K34+H33*L34 -> 1025984.8 | P33: 1470 | Q33: =(M33*L34)/P33 -> 215.53493 | R33: =Q33*P33 -> 316836.35 | S33: =IFERROR(__xludf.DUMMYFUNCTION("INDEX(IMPORTHTML(""https://www.bna.com.ar/Personas"", ""table"", 1), 2, 3)"),1465.0) -> 1465 | T33: =Q33*S33*(1+D33) -> 401013.51 | U33: =M33*0.2 -> 381.14 | V33: =U33/22 -> 17.324545 | W33: =(M33*L34)/(M33*L34+H33*L34+K34*G33+J34*F33) -> 0.23594828 | X33: =F33*J34+G33*K34+H33*L34+M33*L34 -> 1342821.2
A34: 45969 | B34: 5213946 | C34: Tambo Martorell | D34: 0.27 | E34: =SUM(F34:H34) -> 5951 | F34: 2497 | G34: 732 | H34: 2722 | I34: T6-Me | J34: 168.0449 | K34: 165.535 | L34: 166.2572 | M34: 1195.1 | N34: =E34+M34 -> 7146.1 | O34: =J34*F34+G34*K34+H34*L34 -> 993331.83 | P34: 1470 | Q34: =(M34*L34)/P34 -> 135.16597 | R34: =Q34*P34 -> 198693.98 | S34: =IFERROR(__xludf.DUMMYFUNCTION("INDEX(IMPORTHTML(""https://www.bna.com.ar/Personas"", ""table"", 1), 2, 3)"),1465.0) -> 1465 | T34: =Q34*S34*(1+D34) -> 251483.05 | U34: =M34*0.2 -> 239.02 | V34: =U34/22 -> 10.864545 | W34: =(M34*L34)/(M34*L34+H34*L34+K34*G34+J34*F34) -> 0.16668597 | X34: =F34*J34+G34*K34+H34*L34+M34*L34 -> 1192025.8
A35: 45970 | B35: 5346470 | C35: Punto Corp | D35: 0.27 | E35: =SUM(F35:H35) -> 5553 | F35: 1722 | G35: 1962 | H35: 1869 | I35: T4-Ba | J35: 152.0913 | K35: 149.3017 | L35: 150.1043 | M35: 2814.1 | N35: =E35+M35 -> 8367.1 | O35: =J35*F35+G35*K35+H35*L35 -> 835376.09 | P35: 1470 | Q35: =(M35*L35)/P35 -> 287.35273 | R35: =Q35*P35 -> 422408.51 | S35: =IFERROR(__xludf.DUMMYFUNCTION("INDEX(IMPORTHTML(""https://www.bna.com.ar/Personas"", ""table"", 1), 2, 3)"),1465.0) -> 1465 | T35: =Q35*S35*(1+D35) -> 534634.12 | U35: =M35*0.2 -> 562.82 | V35: =U35/22 -> 25.582727 | W35: =(M35*L35)/(M35*L35+H35*L35+K35*G35+J35*F35) -> 0.33583533 | X35: =F35*J35+G35*K35+H35*L35+M35*L35 -> 1257784.6
A36: 45971 | B36: 5214767 | C36: La Carolina | D36: 0.27 | E36: =SUM(F36:H36) -> 4876 | F36: 766 | G36: 2 | H36: 4108 | I36: T2-Ba | J36: 145.8675 | K36: 145.8675 | L36: 145.8675 | M36: 5400.1 | N36: =E36+M36 -> 10276.1 | O36: =J36*F36+G36*K36+H36*L36 -> 711249.93 | P36: 1470 | Q36: =(M36*L36)/P36 -> 535.84972 | R36: =Q36*P36 -> 787699.09 | S36: =IFERROR(__xludf.DUMMYFUNCTION("INDEX(IMPORTHTML(""https://www.bna.com.ar/Personas"", ""table"", 1), 2, 3)"),1465.0) -> 1465 | T36: =Q36*S36*(1+D36) -> 996975.19 | U36: =M36*0.2 -> 1080.02 | V36: =U36/22 -> 49.091818 | W36: =(M36*L36)/(M36*L36+H36*L36+K36*G36+J36*F36) -> 0.52550092 | X36: =F36*J36+G36*K36+H36*L36+M36*L36 -> 1498949
A37: 45972 | B37: 5068576 | C37: Facundo Alvarado | D37: 0.27 | E37: =SUM(F37:H37) -> 13501 | F37: 2929 | G37: 3482 | H37: 7090 | I37: T4-Ba | J37: 152.0913 | K37: 149.3017 | L37: 150.1043 | M37: 3529.5 | N37: =E37+M37 -> 17030.5 | O37: =J37*F37+G37*K37+H37*L37 -> 2029583.4 | P37: 1470 | Q37: =(M37*L37)/P37 -> 360.40349 | R37: =Q37*P37 -> 529793.13 | S37: =IFERROR(__xludf.DUMMYFUNCTION("INDEX(IMPORTHTML(""https://www.bna.com.ar/Personas"", ""table"", 1), 2, 3)"),1465.0) -> 1465 | T37: =Q37*S37*(1+D37) -> 670548.71 | U37: =M37*0.2 -> 705.9 | V37: =U37/22 -> 32.086364 | W37: =(M37*L37)/(M37*L37+H37*L37+K37*G37+J37*F37) -> 0.20700085 | X37: =F37*J37+G37*K37+H37*L37+M37*L37 -> 2559376.6
A38: 45973 | B38: 5019237 | C38: Etchart | D38: 0.27 | E38: =SUM(F38:H38) -> 3346 | F38: 809 | G38: 977 | H38: 1560 | I38: T4-Ba | J38: 152.0913 | K38: 149.3017 | L38: 150.1043 | M38: 1096.4 | N38: =E38+M38 -> 4442.4 | O38: =J38*F38+G38*K38+H38*L38 -> 503072.33 | P38: 1470 | Q38: =(M38*L38)/P38 -> 111.95534 | R38: =Q38*P38 -> 164574.35 | S38: =IFERROR(__xludf.DUMMYFUNCTION("INDEX(IMPORTHTML(""https://www.bna.com.ar/Personas"", ""table"", 1), 2, 3)"),1465.0) -> 1465 | T38: =Q38*S38*(1+D38) -> 208298.51 | U38: =M38*0.2 -> 219.28 | V38: =U38/22 -> 9.9672727 | W38: =(M38*L38)/(M38*L38+H38*L38+K38*G38+J38*F38) -> 0.24649917 | X38: =F38*J38+G38*K38+H38*L38+M38*L38 -> 667646.69
A39: 45974 | B39: 5272486 | C39: Linea C | D39: 0.27 | E39: =SUM(F39:H39) -> 4054 | H39: 4054 | I39: T1-G2 | J39: 195.1016 | K39: 195.1016 | L39: 195.1016 | M39: 1105.9 | N39: =E39+M39 -> 5159.9 | O39: =J39*F39+G39*K39+H39*L39 -> 790941.89 | P39: 1470 | Q39: =(M39*L39)/P39 -> 146.77746 | R39: =Q39*P39 -> 215762.86 | S39: =IFERROR(__xludf.DUMMYFUNCTION("INDEX(IMPORTHTML(""https://www.bna.com.ar/Personas"", ""table"", 1), 2, 3)"),1465.0) -> 1465 | T39: =Q39*S39*(1+D39) -> 273086.79 | U39: =M39*0.2 -> 221.18 | V39: =U39/22 -> 10.053636 | W39: =(M39*L39)/(M39*L39+H39*L39+K39*G39+J39*F39) -> 0.21432586 | X39: =F39*J39+G39*K39+H39*L39+M39*L39 -> 1006704.7
A40: 45975 | B40: 5238577 | C40: Agustín Lanús | D40: 0.27 | E40: =SUM(F40:H40) -> 6333 | H40: 6333 | I40: T2-Ba | J40: 145.8675 | K40: 145.8675 | L40: 145.8675 | M40: 1722.9 | N40: =E40+M40 -> 8055.9 | O40: =J40*F40+G40*K40+H40*L40 -> 923778.88 | P40: 1470 | Q40: =(M40*L40)/P40 -> 170.96266 | R40: =Q40*P40 -> 251315.12 | S40: =IFERROR(__xludf.DUMMYFUNCTION("INDEX(IMPORTHTML(""https://www.bna.com.ar/Personas"", ""table"", 1), 2, 3)"),1465.0) -> 1465 | T40: =Q40*S40*(1+D40) -> 318084.58 | U40: =M40*0.2 -> 344.58 | V40: =U40/22 -> 15.662727 | W40: =(M40*L40)/(M40*L40+H40*L40+K40*G40+J40*F40) -> 0.2138681 | X40: =F40*J40+G40*K40+H40*L40+M40*L40 -> 1175094
A41: 45976 | B41: 5253773 | C41: Ivan BV | D41: 0.27 | E41: =SUM(F41:H41) -> 517 | F41: 173 | G41: 74 | H41: 270 | I41: T1-R2-N1 | J41: 233.1878 | K41: 233.1878 | L41: 233.1878 | M41: 253.6 | N41: =E41+M41 -> 770.6 | O41: =J41*F41+G41*K41+H41*L41 -> 120558.09 | P41: 1470 | Q41: =(M41*L41)/P41 -> 40.228861 | R41: =Q41*P41 -> 59136.426 | S41: =IFERROR(__xludf.DUMMYFUNCTION("INDEX(IMPORTHTML(""https://www.bna.com.ar/Personas"", ""table"", 1), 2, 3)"),1465.0) -> 1465 | T41: =Q41*S41*(1+D41) -> 74847.808 | U41: =M41*0.2 -> 50.72 | V41: =U41/22 -> 2.3054545 | W41: =(M41*L41)/(M41*L41+H41*L41+K41*G41+J41*F41) -> 0.32909421 | X41: =F41*J41+G41*K41+H41*L41+M41*L41 -> 179694.52
A42: 45977 | B42: 5320074 | C42: Imac-RdL | D42: 0.27 | E42: =SUM(F42:H42) -> 16473 | F42: 4042 | G42: 3998 | H42: 8433 | I42: T4-Ba | J42: 152.0913 | K42: 149.3017 | L42: 150.1043 | M42: 2222.4 | N42: =E42+M42 -> 18695.4 | O42: =J42*F42+G42*K42+H42*L42 -> 2477490.8 | P42: 1470 | Q42: =(M42*L42)/P42 -> 226.93319 | R42: =Q42*P42 -> 333591.8 | S42: =IFERROR(__xludf.DUMMYFUNCTION("INDEX(IMPORTHTML(""https://www.bna.com.ar/Personas"", ""table"", 1), 2, 3)"),1465.0) -> 1465 | T42: =Q42*S42*(1+D42) -> 422220.56 | U42: =M42*0.2 -> 444.48 | V42: =U42/22 -> 20.203636 | W42: =(M42*L42)/(M42*L42+H42*L42+K42*G42+J42*F42) -> 0.11867022 | X42: =F42*J42+G42*K42+H42*L42+M42*L42 -> 2811082.6
A43: 45978 | B43: 5352763 | C43: Imac-RdelaF | D43: 0.27 | E43: =SUM(F43:H43) -> 2245 | F43: 637 | G43: 378 | H43: 1230 | I43: T2-Ba | J43: 145.8675 | K43: 145.8675 | L43: 145.8675 | M43: 649.2 | N43: =E43+M43 -> 2894.2 | O43: =J43*F43+G43*K43+H43*L43 -> 327472.54 | P43: 1470 | Q43: =(M43*L43)/P43 -> 64.419851 | R43: =Q43*P43 -> 94697.181 | S43: =IFERROR(__xludf.DUMMYFUNCTION("INDEX(IMPORTHTML(""https://www.bna.com.ar/Personas"", ""table"", 1), 2, 3)"),1465.0) -> 1465 | T43: =Q43*S43*(1+D43) -> 119856.35 | U43: =M43*0.2 -> 129.84 | V43: =U43/22 -> 5.9018182 | W43: =(M43*L43)/(M43*L43+H43*L43+K43*G43+J43*F43) -> 0.22431069 | X43: =F43*J43+G43*K43+H43*L43+M43*L43 -> 422169.72
A44: 45979 | B44: 3092029 | C44: Farmacia San Francisco | D44: 0.27 | E44: =SUM(F44:H44) -> 11790 | F44: 6270 | G44: 1770 | H44: 3750 | I44: T4-Ba | J44: 152.0913 | K44: 149.3017 | L44: 150.1043 | M44: 3225.5 | N44: =E44+M44 -> 15015.5 | O44: =J44*F44+G44*K44+H44*L44 -> 1780767.6 | P44: 1470 | Q44: =(M44*L44)/P44 -> 329.36151 | R44: =Q44*P44 -> 484161.42 | S44: =IFERROR(__xludf.DUMMYFUNCTION("INDEX(IMPORTHTML(""https://www.bna.com.ar/Personas"", ""table"", 1), 2, 3)"),1465.0) -> 1465 | T44: =Q44*S44*(1+D44) -> 612793.56 | U44: =M44*0.2 -> 645.1 | V44: =U44/22 -> 29.322727 | W44: =(M44*L44)/(M44*L44+H44*L44+K44*G44+J44*F44) -> 0.2137645 | X44: =F44*J44+G44*K44+H44*L44+M44*L44 -> 2264929
A45: 45980 | B45: 5076619 | C45: LaMerceddelAlto | D45: 0.27 | E45: =SUM(F45:H45) -> 3694 | F45: 1129 | G45: 951 | H45: 1614 | I45: T2-Ba | J45: 145.8675 | K45: 145.8675 | L45: 145.8675 | N45: =E45+M45 -> 3694 | O45: =J45*F45+G45*K45+H45*L45 -> 538834.55 | P45: 1470 | Q45: =(M45*L45)/P45 -> 0 | R45: =Q45*P45 -> 0 | S45: =IFERROR(__xludf.DUMMYFUNCTION("INDEX(IMPORTHTML(""https://www.bna.com.ar/Personas"", ""table"", 1), 2, 3)"),1465.0) -> 1465 | T45: =Q45*S45*(1+D45) -> 0 | U45: =M45*0.2 -> 0 | V45: =U45/22 -> 0 | W45: =(M45*L45)/(M45*L45+H45*L45+K45*G45+J45*F45) -> 0 | X45: =F45*J45+G45*K45+H45*L45+M45*L45 -> 538834.55
A46: 45981 | B46: 4000681 | C46: O.Domingo-Animana | D46: 0.27 | E46: =SUM(F46:H46) -> 7741 | F46: 2428 | G46: 2630 | H46: 2683 | I46: T2-Ba | J46: 145.8675 | K46: 145.8675 | L46: 145.8675 | M46: 3084 | N46: =E46+M46 -> 10825 | O46: =J46*F46+G46*K46+H46*L46 -> 1129160.3 | P46: 1470 | Q46: =(M46*L46)/P46 -> 306.02406 | R46: =Q46*P46 -> 449855.37 | S46: =IFERROR(__xludf.DUMMYFUNCTION("INDEX(IMPORTHTML(""https://www.bna.com.ar/Personas"", ""table"", 1), 2, 3)"),1465.0) -> 1465 | T46: =Q46*S46*(1+D46) -> 569373.07 | U46: =M46*0.2 -> 616.8 | V46: =U46/22 -> 28.036364 | W46: =(M46*L46)/(M46*L46+H46*L46+K46*G46+J46*F46) -> 0.28489607 | X46: =F46*J46+G46*K46+H46*L46+M46*L46 -> 1579015.7
A47: 45982 | B47: 5253775 | C47: Joaquín Elizalde | D47: 0.27 | E47: =SUM(F47:H47) -> 643 | H47: 643 | I47: T1-R2-N1 | J47: 233.1878 | K47: 233.1878 | L47: 233.1878 | M47: 144.5 | N47: =E47+M47 -> 787.5 | O47: =J47*F47+G47*K47+H47*L47 -> 149939.76 | P47: 1470 | Q47: =(M47*L47)/P47 -> 22.922202 | R47: =Q47*P47 -> 33695.637 | S47: =IFERROR(__xludf.DUMMYFUNCTION("INDEX(IMPORTHTML(""https://www.bna.com.ar/Personas"", ""table"", 1), 2, 3)"),1465.0) -> 1465 | T47: =Q47*S47*(1+D47) -> 42647.903 | U47: =M47*0.2 -> 28.9 | V47: =U47/22 -> 1.3136364 | W47: =(M47*L47)/(M47*L47+H47*L47+K47*G47+J47*F47) -> 0.18349206 | X47: =F47*J47+G47*K47+H47*L47+M47*L47 -> 183635.39
A48: 45983 | B48: 5211887 | C48: O.Domingo-Colectivo | D48: 0.27 | E48: =SUM(F48:H48) -> 2436 | H48: 2436 | I48: T2-Ba | J48: 145.8675 | K48: 145.8675 | L48: 145.8675 | M48: 1276.9 | N48: =E48+M48 -> 3712.9 | O48: =J48*F48+G48*K48+H48*L48 -> 355333.23 | P48: 1470 | Q48: =(M48*L48)/P48 -> 126.70627 | R48: =Q48*P48 -> 186258.21 | S48: =IFERROR(__xludf.DUMMYFUNCTION("INDEX(IMPORTHTML(""https://www.bna.com.ar/Personas"", ""table"", 1), 2, 3)"),1465.0) -> 1465 | T48: =Q48*S48*(1+D48) -> 235743.34 | U48: =M48*0.2 -> 255.38 | V48: =U48/22 -> 11.608182 | W48: =(M48*L48)/(M48*L48+H48*L48+K48*G48+J48*F48) -> 0.34390907 | X48: =F48*J48+G48*K48+H48*L48+M48*L48 -> 541591.44
A49: 45962 | B49: 5346222 | C49: O.Domingo-Arenosa | D49: 0.27 | E49: =SUM(F49:H49) -> 7889 | F49: 2248 | G49: 2776 | H49: 2865 | I49: T2-Ba | J49: 145.8675 | K49: 145.8675 | L49: 145.8675 | M49: 3476 | N49: =E49+M49 -> 11365 | O49: =J49*F49+G49*K49+H49*L49 -> 1150748.7 | P49: 1470 | Q49: =(M49*L49)/P49 -> 344.92206 | R49: =Q49*P49 -> 507035.43 | S49: =IFERROR(__xludf.DUMMYFUNCTION("INDEX(IMPORTHTML(""https://www.bna.com.ar/Personas"", ""table"", 1), 2, 3)"),1465.0) -> 1465 | T49: =Q49*S49*(1+D49) -> 641744.74 | U49: =M49*0.2 -> 695.2 | V49: =U49/22 -> 31.6 | W49: =(M49*L49)/(M49*L49+H49*L49+K49*G49+J49*F49) -> 0.3058513 | X49: =F49*J49+G49*K49+H49*L49+M49*L49 -> 1657784.1
A50: 45985 | B50: 3025373 | C50: Agustín Sanz Navamuel | D50: 0.27 | E50: =SUM(F50:H50) -> 8097 | F50: 2444 | G50: 2347 | H50: 3306 | I50: T8 | J50: 253.749 | K50: 251.0043 | L50: 251.807 | M50: 4008.1 | N50: =E50+M50 -> 12105.1 | O50: =J50*F50+G50*K50+H50*L50 -> 2041743.6 | P50: 1470 | Q50: =(M50*L50)/P50 -> 686.57662 | R50: =Q50*P50 -> 1009267.6 | S50: =IFERROR(__xludf.DUMMYFUNCTION("INDEX(IMPORTHTML(""https://www.bna.com.ar/Personas"", ""table"", 1), 2, 3)"),1465.0) -> 1465 | T50: =Q50*S50*(1+D50) -> 1277410.1 | U50: =M50*0.2 -> 801.62 | V50: =U50/22 -> 36.437273 | W50: =(M50*L50)/(M50*L50+H50*L50+K50*G50+J50*F50) -> 0.33079775 | X50: =F50*J50+G50*K50+H50*L50+M50*L50 -> 3051011.2
A51: 45986 | B51: 5251101 | C51: Cartoon Inversor 2 | D51: 0.27 | E51: =SUM(F51:H51) -> 2160 | F51: 108 | G51: 180 | H51: 1872 | I51: T5-Ba | J51: 163.3724 | K51: 160.5827 | L51: 161.3854 | M51: 4394.8 | N51: =E51+M51 -> 6554.8 | O51: =J51*F51+G51*K51+H51*L51 -> 348662.57 | P51: 1470 | Q51: =(M51*L51)/P51 -> 482.48745 | R51: =Q51*P51 -> 709256.56 | S51: =IFERROR(__xludf.DUMMYFUNCTION("INDEX(IMPORTHTML(""https://www.bna.com.ar/Personas"", ""table"", 1), 2, 3)"),1465.0) -> 1465 | T51: =Q51*S51*(1+D51) -> 897692.03 | U51: =M51*0.2 -> 878.96 | V51: =U51/22 -> 39.952727 | W51: =(M51*L51)/(M51*L51+H51*L51+K51*G51+J51*F51) -> 0.67042606 | X51: =F51*J51+G51*K51+H51*L51+M51*L51 -> 1057919.1
A52: 45987 | B52: 5251104 | C52: Cartoon Inversor 1 | D52: 0.27 | E52: =SUM(F52:H52) -> 4612 | F52: 77 | G52: 108 | H52: 4427 | I52: T5-Ba | J52: 163.3724 | K52: 160.5827 | L52: 161.3854 | M52: 4394.8 | N52: =E52+M52 -> 9006.8 | O52: =J52*F52+G52*K52+H52*L52 -> 744375.77 | P52: 1470 | Q52: =(M52*L52)/P52 -> 482.48745 | R52: =Q52*P52 -> 709256.56 | S52: =IFERROR(__xludf.DUMMYFUNCTION("INDEX(IMPORTHTML(""https://www.bna.com.ar/Personas"", ""table"", 1), 2, 3)"),1465.0) -> 1465 | T52: =Q52*S52*(1+D52) -> 897692.03 | U52: =M52*0.2 -> 878.96 | V52: =U52/22 -> 39.952727 | W52: =(M52*L52)/(M52*L52+H52*L52+K52*G52+J52*F52) -> 0.48792019 | X52: =F52*J52+G52*K52+H52*L52+M52*L52 -> 1453632.3
A53: 45931 | B53: 4000202 | C53: Diagnostico Salta | D53: 0.27 | E53: =F53+G53+H53 -> 16520 | F53: 4200 | G53: 3640 | H53: 8680 | I53: T4-Ba | J53: 159.8077 | K53: 156.9735 | L53: 158.2241 | M53: 3585.9 | N53: =E53+M53 -> 20105.9 | O53: =J53*F53+G53*K53+H53*L53 -> 2615961.1 | P53: 1450 | Q53: =(M53*L53)/P53 -> 391.29366 | R53: =Q53*P53 -> 567375.8 | S53: =IFERROR(__xludf.DUMMYFUNCTION("INDEX(IMPORTHTML(""https://www.bna.com.ar/Personas"", ""table"", 1), 2, 3)"),1465.0) -> 1465 | T53: =Q53*S53*(1+D53) -> 728021.41 | U53: =M53*0.2 -> 717.18 | V53: =U53/22 -> 32.599091 | W53: =(M53*L53)/(M53*L53+H53*L53+K53*G53+J53*F53) -> 0.17823304 | X53: =F53*J53+G53*K53+H53*L53+M53*L53 -> 3183336.9
A54: 45932 | B54: 5238545 | C54: Cendis | D54: 0.27 | E54: =F54+G54+H54 -> 27401 | F54: 7072 | G54: 7098 | H54: 13231 | I54: T5-Ba | J54: 170.9156 | K54: 168.0814 | L54: 169.332 | M54: 10226.1 | N54: =E54+M54 -> 37627.1 | O54: =J54*F54+G54*K54+H54*L54 -> 4642188.6 | P54: 1450 | Q54: =(M54*L54)/P54 -> 1194.211 | R54: =Q54*P54 -> 1731606 | S54: =IFERROR(__xludf.DUMMYFUNCTION("INDEX(IMPORTHTML(""https://www.bna.com.ar/Personas"", ""table"", 1), 2, 3)"),1465.0) -> 1465 | T54: =Q54*S54*(1+D54) -> 2221889.3 | U54: =M54*0.2 -> 2045.22 | V54: =U54/22 -> 92.964545 | W54: =(M54*L54)/(M54*L54+H54*L54+K54*G54+J54*F54) -> 0.27167584 | X54: =F54*J54+G54*K54+H54*L54+M54*L54 -> 6373794.6
A55: 45933 | B55: 5263215 | C55: Distribuidora Maestro | D55: 0.27 | E55: =F55+G55+H55 -> 2318 | H55: 2318 | I55: T1-G2 | J55: 207.4306 | K55: 207.4306 | L55: 207.4306 | M55: 1271.9 | N55: =E55+M55 -> 3589.9 | O55: =J55*F55+G55*K55+H55*L55 -> 480824.13 | P55: 1450 | Q55: =(M55*L55)/P55 -> 181.9524 | R55: =Q55*P55 -> 263830.98 | S55: =IFERROR(__xludf.DUMMYFUNCTION("INDEX(IMPORTHTML(""https://www.bna.com.ar/Personas"", ""table"", 1), 2, 3)"),1465.0) -> 1465 | T55: =Q55*S55*(1+D55) -> 338531.54 | U55: =M55*0.2 -> 254.38 | V55: =U55/22 -> 11.562727 | W55: =(M55*L55)/(M55*L55+H55*L55+K55*G55+J55*F55) -> 0.35429956 | X55: =F55*J55+G55*K55+H55*L55+M55*L55 -> 744655.11
A56: 45931 | B56: 5296128 | C56: Fabrica Forja | D56: 0.27 | E56: =F56+G56+H56 -> 1595 | F56: 179 | G56: 298 | H56: 1118 | I56: T2-Ba | J56: 157.071 | K56: 157.071 | L56: 157.071 | M56: 335.5 | N56: =E56+M56 -> 1930.5 | O56: =J56*F56+G56*K56+H56*L56 -> 250528.24 | P56: 1450 | Q56: =(M56*L56)/P56 -> 36.34298 | R56: =Q56*P56 -> 52697.321 | S56: =IFERROR(__xludf.DUMMYFUNCTION("INDEX(IMPORTHTML(""https://www.bna.com.ar/Personas"", ""table"", 1), 2, 3)"),1465.0) -> 1465 | T56: =Q56*S56*(1+D56) -> 67617.931 | U56: =M56*0.2 -> 67.1 | V56: =U56/22 -> 3.05 | W56: =(M56*L56)/(M56*L56+H56*L56+K56*G56+J56*F56) -> 0.17378917 | X56: =F56*J56+G56*K56+H56*L56+M56*L56 -> 303225.57
A57: 45931 | B57: 3062898 | C57: Tolaba | D57: 0.27 | E57: =F57+G57+H57 -> 1733 | F57: 377 | G57: 386 | H57: 970 | I57: T8 | J57: 250.4823 | K57: 247.6481 | L57: 248.8987 | M57: 174.5 | N57: =E57+M57 -> 1907.5 | O57: =J57*F57+G57*K57+H57*L57 -> 431455.73 | P57: 1450 | Q57: =(M57*L57)/P57 -> 29.953671 | R57: =Q57*P57 -> 43432.823 | S57: =IFERROR(__xludf.DUMMYFUNCTION("INDEX(IMPORTHTML(""https://www.bna.com.ar/Personas"", ""table"", 1), 2, 3)"),1465.0) -> 1465 | T57: =Q57*S57*(1+D57) -> 55730.303 | U57: =M57*0.2 -> 34.9 | V57: =U57/22 -> 1.5863636 | W57: =(M57*L57)/(M57*L57+H57*L57+K57*G57+J57*F57) -> 0.09145898 | X57: =F57*J57+G57*K57+H57*L57+M57*L57 -> 474888.56
A58: 45931 | B58: 3011513 | C58: Robles | D58: 0.27 | E58: =F58+G58+H58 -> 769 | F58: 233 | G58: 221 | H58: 315 | I58: T8 | J58: 250.4823 | K58: 247.6481 | L58: 248.8987 | M58: 515.4 | N58: =E58+M58 -> 1284.4 | O58: =J58*F58+G58*K58+H58*L58 -> 191495.7 | P58: 1450 | Q58: =(M58*L58)/P58 -> 88.470614 | R58: =Q58*P58 -> 128282.39 | S58: =IFERROR(__xludf.DUMMYFUNCTION("INDEX(IMPORTHTML(""https://www.bna.com.ar/Personas"", ""table"", 1), 2, 3)"),1465.0) -> 1465 | T58: =Q58*S58*(1+D58) -> 164604 | U58: =M58*0.2 -> 103.08 | V58: =U58/22 -> 4.6854545 | W58: =(M58*L58)/(M58*L58+H58*L58+K58*G58+J58*F58) -> 0.40116067 | X58: =F58*J58+G58*K58+H58*L58+M58*L58 -> 319778.09
A59: 45931 | B59: 5076526 | C59: Martín Lecuona | D59: 0.27 | E59: =F59+G59+H59 -> 8130 | F59: 30 | G59: 2850 | H59: 5250 | I59: T4-Ba | J59: 159.8077 | K59: 156.9735 | L59: 158.2241 | M59: 2660.3 | N59: =E59+M59 -> 10790.3 | O59: =J59*F59+G59*K59+H59*L59 -> 1282845.2 | P59: 1450 | Q59: =(M59*L59)/P59 -> 290.29212 | R59: =Q59*P59 -> 420923.57 | S59: =IFERROR(__xludf.DUMMYFUNCTION("INDEX(IMPORTHTML(""https://www.bna.com.ar/Personas"", ""table"", 1), 2, 3)"),1465.0) -> 1465 | T59: =Q59*S59*(1+D59) -> 540103 | U59: =M59*0.2 -> 532.06 | V59: =U59/22 -> 24.184545 | W59: =(M59*L59)/(M59*L59+H59*L59+K59*G59+J59*F59) -> 0.2470544 | X59: =F59*J59+G59*K59+H59*L59+M59*L59 -> 1703768.8
A60: 45931 | B60: 5213946 | C60: Tambo Martorell | D60: 0.27 | E60: =F60+G60+H60 -> 6293 | F60: 2683 | G60: 679 | H60: 2931 | I60: T6-Me | J60: 191.9806 | K60: 189.4307 | L60: 190.5558 | M60: 1129 | N60: =E60+M60 -> 7422 | O60: =J60*F60+G60*K60+H60*L60 -> 1202226.4 | P60: 1450 | Q60: =(M60*L60)/P60 -> 148.37069 | R60: =Q60*P60 -> 215137.5 | S60: =IFERROR(__xludf.DUMMYFUNCTION("INDEX(IMPORTHTML(""https://www.bna.com.ar/Personas"", ""table"", 1), 2, 3)"),1465.0) -> 1465 | T60: =Q60*S60*(1+D60) -> 276051.08 | U60: =M60*0.2 -> 225.8 | V60: =U60/22 -> 10.263636 | W60: =(M60*L60)/(M60*L60+H60*L60+K60*G60+J60*F60) -> 0.15178705 | X60: =F60*J60+G60*K60+H60*L60+M60*L60 -> 1417363.9
A61: 45931 | B61: 5346470 | C61: Punto Corp | D61: 0.27 | E61: =F61+G61+H61 -> 6141 | F61: 1737 | G61: 2037 | H61: 2367 | I61: T4-Ba | J61: 159.8077 | K61: 156.9735 | L61: 158.2241 | M61: 2446 | N61: =E61+M61 -> 8587 | O61: =J61*F61+G61*K61+H61*L61 -> 971857.44 | P61: 1450 | Q61: =(M61*L61)/P61 -> 266.90769 | R61: =Q61*P61 -> 387016.15 | S61: =IFERROR(__xludf.DUMMYFUNCTION("INDEX(IMPORTHTML(""https://www.bna.com.ar/Personas"", ""table"", 1), 2, 3)"),1465.0) -> 1465 | T61: =Q61*S61*(1+D61) -> 496595.1 | U61: =M61*0.2 -> 489.2 | V61: =U61/22 -> 22.236364 | W61: =(M61*L61)/(M61*L61+H61*L61+K61*G61+J61*F61) -> 0.28480659 | X61: =F61*J61+G61*K61+H61*L61+M61*L61 -> 1358873.6
A62: 45931 | B62: 5214767 | C62: La Carolina | D62: 0.27 | E62: =F62+G62+H62 -> 4781 | F62: 1034 | G62: 31 | H62: 3716 | I62: T2-Ba | J62: 157.071 | K62: 157.071 | L62: 157.071 | M62: 5813.3 | N62: =E62+M62 -> 10594.3 | O62: =J62*F62+G62*K62+H62*L62 -> 750956.45 | P62: 1450 | Q62: =(M62*L62)/P62 -> 629.72472 | R62: =Q62*P62 -> 913100.84 | S62: =IFERROR(__xludf.DUMMYFUNCTION("INDEX(IMPORTHTML(""https://www.bna.com.ar/Personas"", ""table"", 1), 2, 3)"),1465.0) -> 1465 | T62: =Q62*S62*(1+D62) -> 1171634.3 | U62: =M62*0.2 -> 1162.66 | V62: =U62/22 -> 52.848182 | W62: =(M62*L62)/(M62*L62+H62*L62+K62*G62+J62*F62) -> 0.54871959 | X62: =F62*J62+G62*K62+H62*L62+M62*L62 -> 1664057.3
A63: 45931 | B63: 5068576 | C63: Facundo Alvarado | D63: 0.27 | E63: =F63+G63+H63 -> 16121 | F63: 3507 | G63: 4347 | H63: 8267 | I63: T4-Ba | J63: 159.8077 | K63: 156.9735 | L63: 158.2241 | M63: 3708.5 | N63: =E63+M63 -> 19829.5 | O63: =J63*F63+G63*K63+H63*L63 -> 2550848 | P63: 1450 | Q63: =(M63*L63)/P63 -> 404.67178 | R63: =Q63*P63 -> 586774.07 | S63: =IFERROR(__xludf.DUMMYFUNCTION("INDEX(IMPORTHTML(""https://www.bna.com.ar/Personas"", ""table"", 1), 2, 3)"),1465.0) -> 1465 | T63: =Q63*S63*(1+D63) -> 752912.07 | U63: =M63*0.2 -> 741.7 | V63: =U63/22 -> 33.713636 | W63: =(M63*L63)/(M63*L63+H63*L63+K63*G63+J63*F63) -> 0.18701235 | X63: =F63*J63+G63*K63+H63*L63+M63*L63 -> 3137622.1
A64: 45931 | B64: 5019237 | C64: Etchart | D64: 0.27 | E64: =F64+G64+H64 -> 3240 | F64: 772 | G64: 953 | H64: 1515 | I64: T4-Ba | J64: 159.8077 | K64: 156.9735 | L64: 158.2241 | M64: 1212.2 | N64: =E64+M64 -> 4452.2 | O64: =J64*F64+G64*K64+H64*L64 -> 512676.8 | P64: 1450 | Q64: =(M64*L64)/P64 -> 132.27535 | R64: =Q64*P64 -> 191799.25 | S64: =IFERROR(__xludf.DUMMYFUNCTION("INDEX(IMPORTHTML(""https://www.bna.com.ar/Personas"", ""table"", 1), 2, 3)"),1465.0) -> 1465 | T64: =Q64*S64*(1+D64) -> 246104.9 | U64: =M64*0.2 -> 242.44 | V64: =U64/22 -> 11.02 | W64: =(M64*L64)/(M64*L64+H64*L64+K64*G64+J64*F64) -> 0.27225802 | X64: =F64*J64+G64*K64+H64*L64+M64*L64 -> 704476.06
A65: 45932 | B65: 5272486 | C65: Linea C | D65: 0.27 | E65: 2726 | H65: 5990 | I65: T1-G2 | J65: 207.4306 | K65: 207.4306 | L65: 207.4306 | M65: 106.2 | N65: =E65+M65 -> 2832.2 | O65: =J65*F65+G65*K65+H65*L65 -> 1242509.3 | P65: 1450 | Q65: =(M65*L65)/P65 -> 15.192503 | R65: =Q65*P65 -> 22029.13 | S65: =IFERROR(__xludf.DUMMYFUNCTION("INDEX(IMPORTHTML(""https://www.bna.com.ar/Personas"", ""table"", 1), 2, 3)"),1465.0) -> 1465 | T65: =Q65*S65*(1+D65) -> 28266.412 | U65: =M65*0.2 -> 21.24 | V65: =U65/22 -> 0.96545455 | W65: =(M65*L65)/(M65*L65+H65*L65+K65*G65+J65*F65) -> 0.017420688 | X65: =F65*J65+G65*K65+H65*L65+M65*L65 -> 1264538.4
A66: 45931 | B66: 5238577 | C66: Agustín Lanús | D66: 0.27 | E66: =F66+G66+H66 -> 7040 | H66: 7040 | I66: T2-Ba | J66: 157.071 | K66: 157.071 | L66: 157.071 | M66: 2127.4 | N66: =E66+M66 -> 9167.4 | O66: =J66*F66+G66*K66+H66*L66 -> 1105779.8 | P66: 1450 | Q66: =(M66*L66)/P66 -> 230.45024 | R66: =Q66*P66 -> 334152.85 | S66: =IFERROR(__xludf.DUMMYFUNCTION("INDEX(IMPORTHTML(""https://www.bna.com.ar/Personas"", ""table"", 1), 2, 3)"),1465.0) -> 1465 | T66: =Q66*S66*(1+D66) -> 428764.19 | U66: =M66*0.2 -> 425.48 | V66: =U66/22 -> 19.34 | W66: =(M66*L66)/(M66*L66+H66*L66+K66*G66+J66*F66) -> 0.23206144 | X66: =F66*J66+G66*K66+H66*L66+M66*L66 -> 1439932.7
A67: 45931 | B67: 5253773 | C67: Ivan BV | D67: 0.21 | E67: =F67+G67+H67 -> 612 | F67: 199 | G67: 80 | H67: 333 | I67: T1-R2-N1 | J67: 230.0967 | K67: 230.0967 | L67: 230.0967 | M67: 290 | N67: =E67+M67 -> 902 | O67: =J67*F67+G67*K67+H67*L67 -> 140819.18 | P67: 1450 | Q67: =(M67*L67)/P67 -> 46.01934 | R67: =Q67*P67 -> 66728.043 | S67: =IFERROR(__xludf.DUMMYFUNCTION("INDEX(IMPORTHTML(""https://www.bna.com.ar/Personas"", ""table"", 1), 2, 3)"),1465.0) -> 1465 | T67: =Q67*S67*(1+D67) -> 81576.183 | U67: =M67*0.2 -> 58 | V67: =U67/22 -> 2.6363636 | W67: =(M67*L67)/(M67*L67+H67*L67+K67*G67+J67*F67) -> 0.32150776 | X67: =F67*J67+G67*K67+H67*L67+M67*L67 -> 207547.22
A68: 45931 | B68: 5320074 | C68: Imac-RdL | D68: 0.27 | E68: =F68+G68+H68 -> 17195 | F68: 4089 | G68: 4303 | H68: 8803 | I68: T4-Ba | J68: 159.8077 | K68: 156.9735 | L68: 158.2241 | M68: 2277.8 | N68: =E68+M68 -> 19472.8 | O68: =J68*F68+G68*K68+H68*L68 -> 2721757.4 | P68: 1450 | Q68: =(M68*L68)/P68 -> 248.55369 | R68: =Q68*P68 -> 360402.85 | S68: =IFERROR(__xludf.DUMMYFUNCTION("INDEX(IMPORTHTML(""https://www.bna.com.ar/Personas"", ""table"", 1), 2, 3)"),1465.0) -> 1465 | T68: =Q68*S68*(1+D68) -> 462446.57 | U68: =M68*0.2 -> 455.56 | V68: =U68/22 -> 20.707273 | W68: =(M68*L68)/(M68*L68+H68*L68+K68*G68+J68*F68) -> 0.1169319 | X68: =F68*J68+G68*K68+H68*L68+M68*L68 -> 3082160.3
A69: 45931 | B69: 5320074 | C69: Imac-RdelaF | D69: 0.27 | E69: =F69+G69+H69 -> 2045 | F69: 589 | G69: 396 | H69: 1060 | I69: T4-Ba | J69: 159.8077 | K69: 156.9735 | L69: 158.2241 | M69: 713.1 | N69: =E69+M69 -> 2758.1 | O69: =J69*F69+G69*K69+H69*L69 -> 324005.79 | P69: 1450 | Q69: =(M69*L69)/P69 -> 77.813521 | R69: =Q69*P69 -> 112829.61 | S69: =IFERROR(__xludf.DUMMYFUNCTION("INDEX(IMPORTHTML(""https://www.bna.com.ar/Personas"", ""table"", 1), 2, 3)"),1465.0) -> 1465 | T69: =Q69*S69*(1+D69) -> 144775.95 | U69: =M69*0.2 -> 142.62 | V69: =U69/22 -> 6.4827273 | W69: =(M69*L69)/(M69*L69+H69*L69+K69*G69+J69*F69) -> 0.25828861 | X69: =F69*J69+G69*K69+H69*L69+M69*L69 -> 436835.39
A70: 45931 | B70: 3092029 | C70: Farmacia San Francisco | D70: 0.27 | E70: =F70+G70+H70 -> 10500 | F70: 3270 | G70: 1800 | H70: 5430 | I70: T4-Ba | J70: 159.8077 | K70: 156.9735 | L70: 158.2241 | M70: 3293.2 | N70: =E70+M70 -> 13793.2 | O70: =J70*F70+G70*K70+H70*L70 -> 1664280.3 | P70: 1450 | Q70: =(M70*L70)/P70 -> 359.35421 | R70: =Q70*P70 -> 521063.61 | S70: =IFERROR(__xludf.DUMMYFUNCTION("INDEX(IMPORTHTML(""https://www.bna.com.ar/Personas"", ""table"", 1), 2, 3)"),1465.0) -> 1465 | T70: =Q70*S70*(1+D70) -> 668596.48 | U70: =M70*0.2 -> 658.64 | V70: =U70/22 -> 29.938182 | W70: =(M70*L70)/(M70*L70+H70*L70+K70*G70+J70*F70) -> 0.23843551 | X70: =F70*J70+G70*K70+H70*L70+M70*L70 -> 2185343.9
A71: 45931 | B71: 5076619 | C71: LaMerceddelAlto | D71: 0.27 | E71: =F71+G71+H71 -> 3425 | F71: 1196 | G71: 807 | H71: 1422 | I71: T2-Ba | J71: 157.071 | K71: 157.071 | L71: 157.071 | N71: =E71+M71 -> 3425 | O71: =J71*F71+G71*K71+H71*L71 -> 537968.18 | P71: 1450 | Q71: =(M71*L71)/P71 -> 0 | R71: =Q71*P71 -> 0 | S71: =IFERROR(__xludf.DUMMYFUNCTION("INDEX(IMPORTHTML(""https://www.bna.com.ar/Personas"", ""table"", 1), 2, 3)"),1465.0) -> 1465 | T71: =Q71*S71*(1+D71) -> 0 | U71: =M71*0.2 -> 0 | V71: =U71/22 -> 0 | W71: =(M71*L71)/(M71*L71+H71*L71+K71*G71+J71*F71) -> 0 | X71: =F71*J71+G71*K71+H71*L71+M71*L71 -> 537968.18
A72: 45931 | B72: 4000681 | C72: O.Domingo-Animana | D72: 0.27 | E72: =F72+G72+H72 -> 7285 | F72: 2084 | G72: 2636 | H72: 2565 | I72: T2-Ba | J72: 157.071 | K72: 157.071 | L72: 157.071 | M72: 2567 | N72: =E72+M72 -> 9852 | O72: =J72*F72+G72*K72+H72*L72 -> 1144262.2 | P72: 1450 | Q72: =(M72*L72)/P72 -> 278.06983 | R72: =Q72*P72 -> 403201.26 | S72: =IFERROR(__xludf.DUMMYFUNCTION("INDEX(IMPORTHTML(""https://www.bna.com.ar/Personas"", ""table"", 1), 2, 3)"),1465.0) -> 1465 | T72: =Q72*S72*(1+D72) -> 517362.83 | U72: =M72*0.2 -> 513.4 | V72: =U72/22 -> 23.336364 | W72: =(M72*L72)/(M72*L72+H72*L72+K72*G72+J72*F72) -> 0.26055623 | X72: =F72*J72+G72*K72+H72*L72+M72*L72 -> 1547463.5
A73: 45931 | B73: 5253775 | C73: Joaquín Elizalde | D73: 0.21 | E73: =F73+G73+H73 -> 598 | H73: 598 | I73: T1-R2-N1 | J73: 230.0967 | K73: 230.0967 | L73: 230.0967 | M73: 140.6 | N73: =E73+M73 -> 738.6 | O73: =J73*F73+G73*K73+H73*L73 -> 137597.83 | P73: 1450 | Q73: =(M73*L73)/P73 -> 22.311446 | R73: =Q73*P73 -> 32351.596 | S73: =IFERROR(__xludf.DUMMYFUNCTION("INDEX(IMPORTHTML(""https://www.bna.com.ar/Personas"", ""table"", 1), 2, 3)"),1465.0) -> 1465 | T73: =Q73*S73*(1+D73) -> 39550.384 | U73: =M73*0.2 -> 28.12 | V73: =U73/22 -> 1.2781818 | W73: =(M73*L73)/(M73*L73+H73*L73+K73*G73+J73*F73) -> 0.19036014 | X73: =F73*J73+G73*K73+H73*L73+M73*L73 -> 169949.42
A74: 45931 | B74: 5211887 | C74: O.Domingo-Colectivo | D74: 0.27 | E74: =F74+G74+H74 -> 2828 | H74: 2828 | I74: T2-Ba | J74: 157.071 | K74: 157.071 | L74: 157.071 | M74: 1366.3 | N74: =E74+M74 -> 4194.3 | O74: =J74*F74+G74*K74+H74*L74 -> 444196.79 | P74: 1450 | Q74: =(M74*L74)/P74 -> 148.00421 | R74: =Q74*P74 -> 214606.11 | S74: =IFERROR(__xludf.DUMMYFUNCTION("INDEX(IMPORTHTML(""https://www.bna.com.ar/Personas"", ""table"", 1), 2, 3)"),1465.0) -> 1465 | T74: =Q74*S74*(1+D74) -> 275369.24 | U74: =M74*0.2 -> 273.26 | V74: =U74/22 -> 12.420909 | W74: =(M74*L74)/(M74*L74+H74*L74+K74*G74+J74*F74) -> 0.32575162 | X74: =F74*J74+G74*K74+H74*L74+M74*L74 -> 658802.9
A75: 45931 | B75: 5346222 | C75: O.Domingo-Arenosa | D75: 0.27 | E75: =F75+G75+H75 -> 6096 | F75: 1853 | G75: 2111 | H75: 2132 | I75: T2-Ba | J75: 157.071 | K75: 157.071 | L75: 157.071 | M75: 2934.2 | N75: =E75+M75 -> 9030.2 | O75: =J75*F75+G75*K75+H75*L75 -> 957504.82 | P75: 1450 | Q75: =(M75*L75)/P75 -> 317.84671 | R75: =Q75*P75 -> 460877.73 | S75: =IFERROR(__xludf.DUMMYFUNCTION("INDEX(IMPORTHTML(""https://www.bna.com.ar/Personas"", ""table"", 1), 2, 3)"),1465.0) -> 1465 | T75: =Q75*S75*(1+D75) -> 591369.69 | U75: =M75*0.2 -> 586.84 | V75: =U75/22 -> 26.674545 | W75: =(M75*L75)/(M75*L75+H75*L75+K75*G75+J75*F75) -> 0.3249319 | X75: =F75*J75+G75*K75+H75*L75+M75*L75 -> 1418382.5
A76: 45931 | B76: 3025373 | C76: Agustín Sanz Navamuel | D76: 0.27 | E76: =F76+G76+H76 -> 15832 | F76: 4161 | G76: 4704 | H76: 6967 | I76: T8 | J76: 250.4823 | K76: 247.6481 | L76: 248.8987 | M76: 6657.9 | N76: =E76+M76 -> 22489.9 | O76: =J76*F76+G76*K76+H76*L76 -> 3941270.8 | P76: 1450 | Q76: =(M76*L76)/P76 -> 1142.857 | R76: =Q76*P76 -> 1657142.7 | S76: =IFERROR(__xludf.DUMMYFUNCTION("INDEX(IMPORTHTML(""https://www.bna.com.ar/Personas"", ""table"", 1), 2, 3)"),1465.0) -> 1465 | T76: =Q76*S76*(1+D76) -> 2126342.6 | U76: =M76*0.2 -> 1331.58 | V76: =U76/22 -> 60.526364 | W76: =(M76*L76)/(M76*L76+H76*L76+K76*G76+J76*F76) -> 0.29600219 | X76: =F76*J76+G76*K76+H76*L76+M76*L76 -> 5598413.4
A77: 45931 | B77: 5251101 | C77: Cartoon Inversor 2 | D77: 0.27 | E77: =F77+G77+H77 -> 6104 | F77: 455 | G77: 590 | H77: 5059 | I77: T5-Ba | J77: 170.9156 | K77: 168.0814 | L77: 169.332 | M77: 3283.3 | N77: =E77+M77 -> 9387.3 | O77: =J77*F77+G77*K77+H77*L77 -> 1033585.2 | P77: 1450 | Q77: =(M77*L77)/P77 -> 383.42604 | R77: =Q77*P77 -> 555967.76 | S77: =IFERROR(__xludf.DUMMYFUNCTION("INDEX(IMPORTHTML(""https://www.bna.com.ar/Personas"", ""table"", 1), 2, 3)"),1465.0) -> 1465 | T77: =Q77*S77*(1+D77) -> 713383.32 | U77: =M77*0.2 -> 656.66 | V77: =U77/22 -> 29.848182 | W77: =(M77*L77)/(M77*L77+H77*L77+K77*G77+J77*F77) -> 0.34976359 | X77: =F77*J77+G77*K77+H77*L77+M77*L77 -> 1589553
A78: 45931 | B78: 5251104 | C78: Cartoon Inversor 1 | D78: 0.27 | E78: =F78+G78+H78 -> 1872 | F78: 120 | G78: 180 | H78: 1572 | I78: T5-Ba | J78: 170.9156 | K78: 168.0814 | L78: 169.332 | M78: 3836.5 | N78: =E78+M78 -> 5708.5 | O78: =J78*F78+G78*K78+H78*L78 -> 316954.43 | P78: 1450 | Q78: =(M78*L78)/P78 -> 448.02912 | R78: =Q78*P78 -> 649642.22 | S78: =IFERROR(__xludf.DUMMYFUNCTION("INDEX(IMPORTHTML(""https://www.bna.com.ar/Personas"", ""table"", 1), 2, 3)"),1465.0) -> 1465 | T78: =Q78*S78*(1+D78) -> 833580.57 | U78: =M78*0.2 -> 767.3 | V78: =U78/22 -> 34.877273 | W78: =(M78*L78)/(M78*L78+H78*L78+K78*G78+J78*F78) -> 0.67209236 | X78: =F78*J78+G78*K78+H78*L78+M78*L78 -> 966596.65
A79: 45901 | B79: 4000202 | C79: Diagnostico Salta | D79: 0.27 | E79: 15120 | F79: 4060 | G79: 3500 | H79: 7560 | I79: T4-Ba | J79: 159.1156 | K79: 156.2753 | L79: 157.5295 | M79: 3433.2 | N79: =E79+M79 -> 18553.2 | O79: =J79*F79+G79*K79+H79*L79 -> 2383895.9 | P79: 1425 | Q79: =(M79*L79)/P79 -> 379.53002 | R79: =Q79*P79 -> 540830.28 | S79: =IFERROR(__xludf.DUMMYFUNCTION("INDEX(IMPORTHTML(""https://www.bna.com.ar/Personas"", ""table"", 1), 2, 3)"),1465.0) -> 1465 | T79: =Q79*S79*(1+D79) -> 706134.58 | U79: =M79*0.2 -> 686.64 | V79: =U79/22 -> 31.210909 | W79: =(M79*L79)/(M79*L79+H79*L79+K79*G79+J79*F79) -> 0.18491655 | X79: =F79*J79+G79*K79+H79*L79+M79*L79 -> 2924726.2
A80: 45902 | B80: 5263215 | C80: Distribuidora Maestro | D80: 0.27 | E80: 15120 | H80: 2989 | I80: T1-G2 | J80: 204.783 | K80: 204.783 | L80: 204.783 | M80: 3433.2 | N80: =E80+M80 -> 18553.2 | O80: =J80*F80+G80*K80+H80*L80 -> 612096.39 | P80: 1425 | Q80: =(M80*L80)/P80 -> 493.37614 | R80: =Q80*P80 -> 703061 | S80: =IFERROR(__xludf.DUMMYFUNCTION("INDEX(IMPORTHTML(""https://www.bna.com.ar/Personas"", ""table"", 1), 2, 3)"),1465.0) -> 1465 | T80: =Q80*S80*(1+D80) -> 917950.97 | U80: =M80*0.2 -> 686.64 | V80: =U80/22 -> 31.210909 | W80: =(M80*L80)/(M80*L80+H80*L80+K80*G80+J80*F80) -> 0.53458316 | X80: =F80*J80+G80*K80+H80*L80+M80*L80 -> 1315157.4
A81: 45902 | B81: 5296128 | C81: Fabrica Forja | D81: 0.27 | E81: 1544 | F81: 168 | G81: 278 | H81: 1098 | I81: T2-Ba | J81: 156.8264 | K81: 156.8264 | L81: 156.8264 | M81: 192.3 | N81: =E81+M81 -> 1736.3 | O81: =J81*F81+G81*K81+H81*L81 -> 242139.96 | P81: 1425 | Q81: =(M81*L81)/P81 -> 21.16331 | R81: =Q81*P81 -> 30157.717 | S81: =IFERROR(__xludf.DUMMYFUNCTION("INDEX(IMPORTHTML(""https://www.bna.com.ar/Personas"", ""table"", 1), 2, 3)"),1465.0) -> 1465 | T81: =Q81*S81*(1+D81) -> 39375.396 | U81: =M81*0.2 -> 38.46 | V81: =U81/22 -> 1.7481818 | W81: =(M81*L81)/(M81*L81+H81*L81+K81*G81+J81*F81) -> 0.11075275 | X81: =F81*J81+G81*K81+H81*L81+M81*L81 -> 272297.68
A82: 45903 | B82: 3062898 | C82: Tolaba | D82: 0.27 | E82: 1544 | F82: 168 | G82: 278 | H82: 1098 | I82: T2-Ba | J82: 156.8264 | K82: 156.8264 | L82: 156.8264 | M82: 717.3 | N82: =E82+M82 -> 2261.3 | O82: =J82*F82+G82*K82+H82*L82 -> 242139.96 | P82: 1425 | Q82: =(M82*L82)/P82 -> 78.941457 | R82: =Q82*P82 -> 112491.58 | S82: =IFERROR(__xludf.DUMMYFUNCTION("INDEX(IMPORTHTML(""https://www.bna.com.ar/Personas"", ""table"", 1), 2, 3)"),1465.0) -> 1465 | T82: =Q82*S82*(1+D82) -> 146874.53 | U82: =M82*0.2 -> 143.46 | V82: =U82/22 -> 6.5209091 | W82: =(M82*L82)/(M82*L82+H82*L82+K82*G82+J82*F82) -> 0.31720692 | X82: =F82*J82+G82*K82+H82*L82+M82*L82 -> 354631.54
A83: 45904 | B83: 3011513 | C83: Robles | D83: 0.27 | E83: 729 | F83: 233 | G83: 225 | H83: 271 | I83: T8 | J83: 249.1232 | K83: 246.2829 | L83: 247.5372 | M83: 1492 | N83: =E83+M83 -> 2221 | O83: =J83*F83+G83*K83+H83*L83 -> 180541.94 | P83: 1425 | Q83: =(M83*L83)/P83 -> 259.17579 | R83: =Q83*P83 -> 369325.5 | S83: =IFERROR(__xludf.DUMMYFUNCTION("INDEX(IMPORTHTML(""https://www.bna.com.ar/Personas"", ""table"", 1), 2, 3)"),1465.0) -> 1465 | T83: =Q83*S83*(1+D83) -> 482209.52 | U83: =M83*0.2 -> 298.4 | V83: =U83/22 -> 13.563636 | W83: =(M83*L83)/(M83*L83+H83*L83+K83*G83+J83*F83) -> 0.67166279 | X83: =F83*J83+G83*K83+H83*L83+M83*L83 -> 549867.44
A84: 45907 | B84: 5076526 | C84: Martín Lecuona | D84: 0.27 | E84: 7140 | F84: 30 | G84: 2340 | H84: 4770 | I84: T4-Ba | J84: 159.1156 | K84: 156.2753 | L84: 157.5295 | M84: 1880.8 | N84: =E84+M84 -> 9020.8 | O84: =J84*F84+G84*K84+H84*L84 -> 1121873.4 | P84: 1425 | Q84: =(M84*L84)/P84 -> 207.91683 | R84: =Q84*P84 -> 296281.48 | S84: =IFERROR(__xludf.DUMMYFUNCTION("INDEX(IMPORTHTML(""https://www.bna.com.ar/Personas"", ""table"", 1), 2, 3)"),1465.0) -> 1465 | T84: =Q84*S84*(1+D84) -> 386839.66 | U84: =M84*0.2 -> 376.16 | V84: =U84/22 -> 17.098182 | W84: =(M84*L84)/(M84*L84+H84*L84+K84*G84+J84*F84) -> 0.2089204 | X84: =F84*J84+G84*K84+H84*L84+M84*L84 -> 1418154.9
A85: 45908 | B85: 5213946 | C85: Tambo Martorell | D85: 0.27 | E85: 6004 | F85: 2590 | G85: 589 | H85: 2825 | I85: T6-Me | J85: 193.8383 | K85: 191.2829 | L85: 192.4113 | M85: 1010.3 | N85: =E85+M85 -> 7014.3 | O85: =J85*F85+G85*K85+H85*L85 -> 1158268.7 | P85: 1425 | Q85: =(M85*L85)/P85 -> 136.41624 | R85: =Q85*P85 -> 194393.14 | S85: =IFERROR(__xludf.DUMMYFUNCTION("INDEX(IMPORTHTML(""https://www.bna.com.ar/Personas"", ""table"", 1), 2, 3)"),1465.0) -> 1465 | T85: =Q85*S85*(1+D85) -> 253809.23 | U85: =M85*0.2 -> 202.06 | V85: =U85/22 -> 9.1845455 | W85: =(M85*L85)/(M85*L85+H85*L85+K85*G85+J85*F85) -> 0.14371155 | X85: =F85*J85+G85*K85+H85*L85+M85*L85 -> 1352661.9
A86: 45909 | B86: 5346470 | C86: Punto Corp | D86: 0.27 | E86: 6063 | F86: 1644 | G86: 1956 | H86: 2463 | I86: T4-Ba | J86: 159.1156 | K86: 156.2753 | L86: 157.5295 | M86: 1146.5 | N86: =E86+M86 -> 7209.5 | O86: =J86*F86+G86*K86+H86*L86 -> 955255.69 | P86: 1425 | Q86: =(M86*L86)/P86 -> 126.74216 | R86: =Q86*P86 -> 180607.57 | S86: =IFERROR(__xludf.DUMMYFUNCTION("INDEX(IMPORTHTML(""https://www.bna.com.ar/Personas"", ""table"", 1), 2, 3)"),1465.0) -> 1465 | T86: =Q86*S86*(1+D86) -> 235810.12 | U86: =M86*0.2 -> 229.3 | V86: =U86/22 -> 10.422727 | W86: =(M86*L86)/(M86*L86+H86*L86+K86*G86+J86*F86) -> 0.15900468 | X86: =F86*J86+G86*K86+H86*L86+M86*L86 -> 1135863.3
A87: 45910 | B87: 5214767 | C87: La Carolina | D87: 0.27 | E87: 6396 | F87: 1726 | G87: 2 | H87: 4668 | I87: T2-Ba | J87: 156.8264 | K87: 156.8264 | L87: 156.8264 | M87: 4974.6 | N87: =E87+M87 -> 11370.6 | O87: =J87*F87+G87*K87+H87*L87 -> 1003061.7 | P87: 1425 | Q87: =(M87*L87)/P87 -> 547.47271 | R87: =Q87*P87 -> 780148.61 | S87: =IFERROR(__xludf.DUMMYFUNCTION("INDEX(IMPORTHTML(""https://www.bna.com.ar/Personas"", ""table"", 1), 2, 3)"),1465.0) -> 1465 | T87: =Q87*S87*(1+D87) -> 1018600.3 | U87: =M87*0.2 -> 994.92 | V87: =U87/22 -> 45.223636 | W87: =(M87*L87)/(M87*L87+H87*L87+K87*G87+J87*F87) -> 0.4374967 | X87: =F87*J87+G87*K87+H87*L87+M87*L87 -> 1783210.3
A88: 45911 | B88: 5068576 | C88: Facundo Alvarado | D88: 0.27 | E88: 13817 | F88: 2965 | G88: 3555 | H88: 7297 | I88: T4-Ba | J88: 159.1156 | K88: 156.2753 | L88: 157.5295 | M88: 3655.3 | N88: =E88+M88 -> 17472.3 | O88: =J88*F88+G88*K88+H88*L88 -> 2176829.2 | P88: 1425 | Q88: =(M88*L88)/P88 -> 404.08251 | R88: =Q88*P88 -> 575817.58 | S88: =IFERROR(__xludf.DUMMYFUNCTION("INDEX(IMPORTHTML(""https://www.bna.com.ar/Personas"", ""table"", 1), 2, 3)"),1465.0) -> 1465 | T88: =Q88*S88*(1+D88) -> 751815.72 | U88: =M88*0.2 -> 731.06 | V88: =U88/22 -> 33.23 | W88: =(M88*L88)/(M88*L88+H88*L88+K88*G88+J88*F88) -> 0.20918688 | X88: =F88*J88+G88*K88+H88*L88+M88*L88 -> 2752646.8
A89: 45912 | B89: 5019237 | C89: Etchart | D89: 0.27 | E89: 2726 | F89: 638 | G89: 825 | H89: 1263 | I89: T4-Ba | J89: 159.1156 | K89: 156.2753 | L89: 157.5295 | M89: 1068.9 | N89: =E89+M89 -> 3794.9 | O89: =J89*F89+G89*K89+H89*L89 -> 429402.63 | P89: 1425 | Q89: =(M89*L89)/P89 -> 118.16371 | R89: =Q89*P89 -> 168383.28 | S89: =IFERROR(__xludf.DUMMYFUNCTION("INDEX(IMPORTHTML(""https://www.bna.com.ar/Personas"", ""table"", 1), 2, 3)"),1465.0) -> 1465 | T89: =Q89*S89*(1+D89) -> 219849.49 | U89: =M89*0.2 -> 213.78 | V89: =U89/22 -> 9.7172727 | W89: =(M89*L89)/(M89*L89+H89*L89+K89*G89+J89*F89) -> 0.28167824 | X89: =F89*J89+G89*K89+H89*L89+M89*L89 -> 597785.92
A90: 45913 | B90: 5272486 | C90: Linea C | D90: 0.27 | E90: 2726 | I90: T1-G2 | N90: =E90+M90 -> 2726 | O90: =J90*F90+G90*K90+H90*L90 -> 0 | P90: 1425 | Q90: =(M90*L90)/P90 -> 0 | R90: =Q90*P90 -> 0 | S90: =IFERROR(__xludf.DUMMYFUNCTION("INDEX(IMPORTHTML(""https://www.bna.com.ar/Personas"", ""table"", 1), 2, 3)"),1465.0) -> 1465 | T90: =Q90*S90*(1+D90) -> 0 | U90: =M90*0.2 -> 0 | V90: =U90/22 -> 0 | W90: =(M90*L90)/(M90*L90+H90*L90+K90*G90+J90*F90) -> #DIV/0! | X90: =F90*J90+G90*K90+H90*L90+M90*L90 -> 0
A91: 45914 | B91: 5238577 | C91: Agustín Lanús | D91: 0.27 | E91: 2067 | H91: 2067 | I91: T2-Ba | J91: 156.8264 | K91: 156.8264 | L91: 156.8264 | M91: 808.1 | N91: =E91+M91 -> 2875.1 | O91: =J91*F91+G91*K91+H91*L91 -> 324160.17 | P91: 1425 | Q91: =(M91*L91)/P91 -> 88.934325 | R91: =Q91*P91 -> 126731.41 | S91: =IFERROR(__xludf.DUMMYFUNCTION("INDEX(IMPORTHTML(""https://www.bna.com.ar/Personas"", ""table"", 1), 2, 3)"),1465.0) -> 1465 | T91: =Q91*S91*(1+D91) -> 165466.76 | U91: =M91*0.2 -> 161.62 | V91: =U91/22 -> 7.3463636 | W91: =(M91*L91)/(M91*L91+H91*L91+K91*G91+J91*F91) -> 0.28106848 | X91: =F91*J91+G91*K91+H91*L91+M91*L91 -> 450891.58
A92: 45915 | B92: 5253773 | C92: Ivan BV | D92: 0.21 | E92: 590 | F92: 216 | G92: 100 | H92: 274 | I92: T1-R2-N1 | J92: 229.758 | K92: 229.758 | L92: 229.758 | M92: 235.5 | N92: =E92+M92 -> 825.5 | O92: =J92*F92+G92*K92+H92*L92 -> 135557.22 | P92: 1425 | Q92: =(M92*L92)/P92 -> 37.970533 | R92: =Q92*P92 -> 54108.009 | S92: =IFERROR(__xludf.DUMMYFUNCTION("INDEX(IMPORTHTML(""https://www.bna.com.ar/Personas"", ""table"", 1), 2, 3)"),1465.0) -> 1465 | T92: =Q92*S92*(1+D92) -> 67308.465 | U92: =M92*0.2 -> 47.1 | V92: =U92/22 -> 2.1409091 | W92: =(M92*L92)/(M92*L92+H92*L92+K92*G92+J92*F92) -> 0.28528165 | X92: =F92*J92+G92*K92+H92*L92+M92*L92 -> 189665.23
A93: 45916 | B93: 5320074 | C93: Imac-RdL | D93: 0.27 | E93: 19794 | F93: 4729 | G93: 4961 | H93: 10104 | I93: T4-Ba | J93: 159.1156 | K93: 156.2753 | L93: 157.5295 | M93: 2458.1 | N93: =E93+M93 -> 22252.1 | O93: =J93*F93+G93*K93+H93*L93 -> 3119417.5 | P93: 1425 | Q93: =(M93*L93)/P93 -> 271.73562 | R93: =Q93*P93 -> 387223.26 | S93: =IFERROR(__xludf.DUMMYFUNCTION("INDEX(IMPORTHTML(""https://www.bna.com.ar/Personas"", ""table"", 1), 2, 3)"),1465.0) -> 1465 | T93: =Q93*S93*(1+D93) -> 505577.71 | U93: =M93*0.2 -> 491.62 | V93: =U93/22 -> 22.346364 | W93: =(M93*L93)/(M93*L93+H93*L93+K93*G93+J93*F93) -> 0.1104257 | X93: =F93*J93+G93*K93+H93*L93+M93*L93 -> 3506640.8
A94: 45917 | B94: 5352763 | C94: Imac-RdelaF | D94: 0.27 | E94: 1737 | F94: 521 | G94: 381 | H94: 835 | I94: T2-Ba | J94: 156.8264 | K94: 156.8264 | L94: 156.8264 | M94: 374.3 | N94: =E94+M94 -> 2111.3 | O94: =J94*F94+G94*K94+H94*L94 -> 272407.46 | P94: 1425 | Q94: =(M94*L94)/P94 -> 41.193068 | R94: =Q94*P94 -> 58700.122 | S94: =IFERROR(__xludf.DUMMYFUNCTION("INDEX(IMPORTHTML(""https://www.bna.com.ar/Personas"", ""table"", 1), 2, 3)"),1465.0) -> 1465 | T94: =Q94*S94*(1+D94) -> 76641.762 | U94: =M94*0.2 -> 74.86 | V94: =U94/22 -> 3.4027273 | W94: =(M94*L94)/(M94*L94+H94*L94+K94*G94+J94*F94) -> 0.17728414 | X94: =F94*J94+G94*K94+H94*L94+M94*L94 -> 331107.58
A95: 45918 | B95: 3092029 | C95: Farmacia San Francisco | D95: 0.27 | E95: 9600 | F95: 3210 | G95: 1650 | H95: 4740 | I95: T4-Ba | J95: 159.1156 | K95: 156.2753 | L95: 157.5295 | M95: 3351.9 | N95: =E95+M95 -> 12951.9 | O95: =J95*F95+G95*K95+H95*L95 -> 1515305.2 | P95: 1425 | Q95: =(M95*L95)/P95 -> 370.54255 | R95: =Q95*P95 -> 528023.13 | S95: =IFERROR(__xludf.DUMMYFUNCTION("INDEX(IMPORTHTML(""https://www.bna.com.ar/Personas"", ""table"", 1), 2, 3)"),1465.0) -> 1465 | T95: =Q95*S95*(1+D95) -> 689412.94 | U95: =M95*0.2 -> 670.38 | V95: =U95/22 -> 30.471818 | W95: =(M95*L95)/(M95*L95+H95*L95+K95*G95+J95*F95) -> 0.25841326 | X95: =F95*J95+G95*K95+H95*L95+M95*L95 -> 2043328.3
A96: 45919 | B96: 5076619 | C96: LaMerceddelAlto | D96: 0.27 | E96: 3169 | F96: 1095 | G96: 707 | H96: 1367 | I96: T2-Ba | J96: 156.8264 | K96: 156.8264 | L96: 156.8264 | N96: =E96+M96 -> 3169 | O96: =J96*F96+G96*K96+H96*L96 -> 496982.86 | P96: 1425 | Q96: =(M96*L96)/P96 -> 0 | R96: =Q96*P96 -> 0 | S96: =IFERROR(__xludf.DUMMYFUNCTION("INDEX(IMPORTHTML(""https://www.bna.com.ar/Personas"", ""table"", 1), 2, 3)"),1465.0) -> 1465 | T96: =Q96*S96*(1+D96) -> 0 | U96: =M96*0.2 -> 0 | V96: =U96/22 -> 0 | W96: =(M96*L96)/(M96*L96+H96*L96+K96*G96+J96*F96) -> 0 | X96: =F96*J96+G96*K96+H96*L96+M96*L96 -> 496982.86
A97: 45920 | B97: 4000681 | C97: O.Domingo-Animana | D97: 0.27 | E97: 7602 | F97: 2344 | G97: 2463 | H97: 2795 | I97: T2-Ba | J97: 156.8264 | K97: 156.8264 | L97: 156.8264 | M97: 3006.9 | N97: =E97+M97 -> 10608.9 | O97: =J97*F97+G97*K97+H97*L97 -> 1192194.3 | P97: 1425 | Q97: =(M97*L97)/P97 -> 330.92021 | R97: =Q97*P97 -> 471561.3 | S97: =IFERROR(__xludf.DUMMYFUNCTION("INDEX(IMPORTHTML(""https://www.bna.com.ar/Personas"", ""table"", 1), 2, 3)"),1465.0) -> 1465 | T97: =Q97*S97*(1+D97) -> 615693.6 | U97: =M97*0.2 -> 601.38 | V97: =U97/22 -> 27.335455 | W97: =(M97*L97)/(M97*L97+H97*L97+K97*G97+J97*F97) -> 0.28343184 | X97: =F97*J97+G97*K97+H97*L97+M97*L97 -> 1663755.6
A98: 45921 | B98: 5253775 | C98: Joaquín Elizalde | D98: 0.21 | E98: 546 | H98: 546 | I98: T1-R2-N1 | J98: 229.758 | K98: 229.758 | L98: 229.758 | M98: 124.1 | N98: =E98+M98 -> 670.1 | O98: =J98*F98+G98*K98+H98*L98 -> 125447.87 | P98: 1425 | Q98: =(M98*L98)/P98 -> 20.0091 | R98: =Q98*P98 -> 28512.968 | S98: =IFERROR(__xludf.DUMMYFUNCTION("INDEX(IMPORTHTML(""https://www.bna.com.ar/Personas"", ""table"", 1), 2, 3)"),1465.0) -> 1465 | T98: =Q98*S98*(1+D98) -> 35469.131 | U98: =M98*0.2 -> 24.82 | V98: =U98/22 -> 1.1281818 | W98: =(M98*L98)/(M98*L98+H98*L98+K98*G98+J98*F98) -> 0.18519624 | X98: =F98*J98+G98*K98+H98*L98+M98*L98 -> 153960.84
A99: 45922 | B99: 5211887 | C99: O.Domingo-Colectivo | D99: 0.27 | E99: 371 | H99: 371 | I99: T2-Ba | J99: 156.8264 | K99: 156.8264 | L99: 156.8264 | M99: 1304.8 | N99: =E99+M99 -> 1675.8 | O99: =J99*F99+G99*K99+H99*L99 -> 58182.594 | P99: 1425 | Q99: =(M99*L99)/P99 -> 143.59796 | R99: =Q99*P99 -> 204627.09 | S99: =IFERROR(__xludf.DUMMYFUNCTION("INDEX(IMPORTHTML(""https://www.bna.com.ar/Personas"", ""table"", 1), 2, 3)"),1465.0) -> 1465 | T99: =Q99*S99*(1+D99) -> 267171.18 | U99: =M99*0.2 -> 260.96 | V99: =U99/22 -> 11.861818 | W99: =(M99*L99)/(M99*L99+H99*L99+K99*G99+J99*F99) -> 0.7786132 | X99: =F99*J99+G99*K99+H99*L99+M99*L99 -> 262809.68
A100: 45923 | B100: 5346222 | C100: O.Domingo-Arenosa | D100: 0.27 | E100: 1767 | F100: 363 | G100: 7 | H100: 1397 | I100: T2-Ba | J100: 156.8264 | K100: 156.8264 | L100: 156.8264 | M100: 3747.6 | N100: =E100+M100 -> 5514.6 | O100: =J100*F100+G100*K100+H100*L100 -> 277112.25 | P100: 1425 | Q100: =(M100*L100)/P100 -> 412.43692 | R100: =Q100*P100 -> 587722.62 | S100: =IFERROR(__xludf.DUMMYFUNCTION("INDEX(IMPORTHTML(""https://www.bna.com.ar/Personas"", ""table"", 1), 2, 3)"),1465.0) -> 1465 | T100: =Q100*S100*(1+D100) -> 767359.52 | U100: =M100*0.2 -> 749.52 | V100: =U100/22 -> 34.069091 | W100: =(M100*L100)/(M100*L100+H100*L100+K100*G100+J100*F100) -> 0.67957785 | X100: =F100*J100+G100*K100+H100*L100+M100*L100 -> 864834.87
A101: 45924 | B101: 3025373 | C101: Agustín Sanz Navamuel | D101: 0.27 | E101: 18911 | F101: 5055 | G101: 5695 | H101: 8161 | I101: T8 | J101: 249.1232 | K101: 246.2829 | L101: 247.5372 | M101: 6486.6 | N101: =E101+M101 -> 25397.6 | O101: =J101*F101+G101*K101+H101*L101 -> 4682050 | P101: 1425 | Q101: =(M101*L101)/P101 -> 1126.7893 | R101: =Q101*P101 -> 1605674.8 | S101: =IFERROR(__xludf.DUMMYFUNCTION("INDEX(IMPORTHTML(""https://www.bna.com.ar/Personas"", ""table"", 1), 2, 3)"),1465.0) -> 1465 | T101: =Q101*S101*(1+D101) -> 2096447.9 | U101: =M101*0.2 -> 1297.32 | V101: =U101/22 -> 58.969091 | W101: =(M101*L101)/(M101*L101+H101*L101+K101*G101+J101*F101) -> 0.25536658 | X101: =F101*J101+G101*K101+H101*L101+M101*L101 -> 6287724.8
...

Sheet LineaC
A1: =Datos!A1 -> Fecha | B1: =Datos!B1 -> NIS | C1: =Datos!C1 -> Cliente | D1: =Datos!D1 -> IVA | E1: =Datos!E1 -> Consumo [kWh] | F1: =Datos!F1 -> Consumo hs punta [kWh] | G1: =Datos!G1 -> Consumo hs valle [kWh] | H1: =Datos!H1 -> Consumo hs resto[kWh] | ... X1: =Datos!X1 -> SIN PANELES S/IVA
A2: =IFERROR(__xludf.DUMMYFUNCTION("FILTER(Datos!1:1247,Datos!B:B=5272486)"),45992.0) -> 45992 | B2: =IFERROR(__xludf.DUMMYFUNCTION("""COMPUTED_VALUE"""),5272486.0) -> 5272486 | C2: =IFERROR(__xludf.DUMMYFUNCTION("""COMPUTED_VALUE"""),"Linea C") -> Linea C | D2: =IFERROR(__xludf.DUMMYFUNCTION("""COMPUTED_VALUE"""),0.27) -> 0.27 | E2: =IFERROR(__xludf.DUMMYFUNCTION("""COMPUTED_VALUE"""),4539.0) -> 4539 | F2: =IFERROR(__xludf.DUMMYFUNCTION("""COMPUTED_VALUE"""),0.0) -> 0 | G2: =IFERROR(__xludf.DUMMYFUNCTION("""COMPUTED_VALUE"""),0.0) -> 0 | H2: =IFERROR(__xludf.DUMMYFUNCTION("""COMPUTED_VALUE"""),4539.0) -> 4539 | I2: =IFERROR(__xludf.DUMMYFUNCTION("""COMPUTED_VALUE"""),"T1-G2") -> T1-G2 | J2: =IFERROR(__xludf.DUMMYFUNCTION("""COMPUTED_VALUE"""),195.2987) -> 195.2987 | K2: =IFERROR(__xludf.DUMMYFUNCTION("""COMPUTED_VALUE"""),195.2987) -> 195.2987 | L2: =IFERROR(__xludf.DUMMYFUNCTION("""COMPUTED_VALUE"""),195.2987) -> 195.2987 | M2: =IFERROR(__xludf.DUMMYFUNCTION("""COMPUTED_VALUE"""),1113.6) -> 1113.6 | N2: =IFERROR(__xludf.DUMMYFUNCTION("""COMPUTED_VALUE"""),5652.6) -> 5652.6 | O2: =IFERROR(__xludf.DUMMYFUNCTION("""COMPUTED_VALUE"""),886460.7993) -> 886460.8 | P2: =IFERROR(__xludf.DUMMYFUNCTION("""COMPUTED_VALUE"""),1470.0) -> 1470 | Q2: =IFERROR(__xludf.DUMMYFUNCTION("""COMPUTED_VALUE"""),147.94872946938773) -> 147.94873 | R2: =IFERROR(__xludf.DUMMYFUNCTION("""COMPUTED_VALUE"""),217484.63231999998) -> 217484.63 | S2: =IFERROR(__xludf.DUMMYFUNCTION("""COMPUTED_VALUE"""),1465.0) -> 1465 | T2: =IFERROR(__xludf.DUMMYFUNCTION("""COMPUTED_VALUE"""),275266.0086142694) -> 275266.01 | U2: =IFERROR(__xludf.DUMMYFUNCTION("""COMPUTED_VALUE"""),222.72) -> 222.72 | V2: =IFERROR(__xludf.DUMMYFUNCTION("""COMPUTED_VALUE"""),10.123636363636363) -> 10.123636 | W2: =IFERROR(__xludf.DUMMYFUNCTION("""COMPUTED_VALUE"""),0.19700668718819658) -> 0.19700669 | X2: =IFERROR(__xludf.DUMMYFUNCTION("""COMPUTED_VALUE"""),1103945.43162) -> 1103945.4
A3: =IFERROR(__xludf.DUMMYFUNCTION("""COMPUTED_VALUE"""),45974.0) -> 45974 | B3: =IFERROR(__xludf.DUMMYFUNCTION("""COMPUTED_VALUE"""),5272486.0) -> 5272486 | C3: =IFERROR(__xludf.DUMMYFUNCTION("""COMPUTED_VALUE"""),"Linea C") -> Linea C | D3: =IFERROR(__xludf.DUMMYFUNCTION("""COMPUTED_VALUE"""),0.27) -> 0.27 | E3: =IFERROR(__xludf.DUMMYFUNCTION("""COMPUTED_VALUE"""),4054.0) -> 4054 | H3: =IFERROR(__xludf.DUMMYFUNCTION("""COMPUTED_VALUE"""),4054.0) -> 4054 | I3: =IFERROR(__xludf.DUMMYFUNCTION("""COMPUTED_VALUE"""),"T1-G2") -> T1-G2 | J3: =IFERROR(__xludf.DUMMYFUNCTION("""COMPUTED_VALUE"""),195.1016) -> 195.1016 | K3: =IFERROR(__xludf.DUMMYFUNCTION("""COMPUTED_VALUE"""),195.1016) -> 195.1016 | L3: =IFERROR(__xludf.DUMMYFUNCTION("""COMPUTED_VALUE"""),195.1016) -> 195.1016 | M3: =IFERROR(__xludf.DUMMYFUNCTION("""COMPUTED_VALUE"""),1105.9) -> 1105.9 | N3: =IFERROR(__xludf.DUMMYFUNCTION("""COMPUTED_VALUE"""),5159.9) -> 5159.9 | O3: =IFERROR(__xludf.DUMMYFUNCTION("""COMPUTED_VALUE"""),790941.8864) -> 790941.89 | P3: =IFERROR(__xludf.DUMMYFUNCTION("""COMPUTED_VALUE"""),1470.0) -> 1470 | Q3: =IFERROR(__xludf.DUMMYFUNCTION("""COMPUTED_VALUE"""),146.77745540136056) -> 146.77746 | R3: =IFERROR(__xludf.DUMMYFUNCTION("""COMPUTED_VALUE"""),215762.85944000003) -> 215762.86 | S3: =IFERROR(__xludf.DUMMYFUNCTION("""COMPUTED_VALUE"""),1465.0) -> 1465 | T3: =IFERROR(__xludf.DUMMYFUNCTION("""COMPUTED_VALUE"""),273086.79464700137) -> 273086.79 | U3: =IFERROR(__xludf.DUMMYFUNCTION("""COMPUTED_VALUE"""),221.18000000000004) -> 221.18 | V3: =IFERROR(__xludf.DUMMYFUNCTION("""COMPUTED_VALUE"""),10.053636363636365) -> 10.053636 | W3: =IFERROR(__xludf.DUMMYFUNCTION("""COMPUTED_VALUE"""),0.21432585902827575) -> 0.21432586 | X3: =IFERROR(__xludf.DUMMYFUNCTION("""COMPUTED_VALUE"""),1006704.74584) -> 1006704.7
A4: =IFERROR(__xludf.DUMMYFUNCTION("""COMPUTED_VALUE"""),45932.0) -> 45932 | B4: =IFERROR(__xludf.DUMMYFUNCTION("""COMPUTED_VALUE"""),5272486.0) -> 5272486 | C4: =IFERROR(__xludf.DUMMYFUNCTION("""COMPUTED_VALUE"""),"Linea C") -> Linea C | D4: =IFERROR(__xludf.DUMMYFUNCTION("""COMPUTED_VALUE"""),0.27) -> 0.27 | E4: =IFERROR(__xludf.DUMMYFUNCTION("""COMPUTED_VALUE"""),2726.0) -> 2726 | H4: =IFERROR(__xludf.DUMMYFUNCTION("""COMPUTED_VALUE"""),5990.0) -> 5990 | I4: =IFERROR(__xludf.DUMMYFUNCTION("""COMPUTED_VALUE"""),"T1-G2") -> T1-G2 | J4: =IFERROR(__xludf.DUMMYFUNCTION("""COMPUTED_VALUE"""),207.4306) -> 207.4306 | K4: =IFERROR(__xludf.DUMMYFUNCTION("""COMPUTED_VALUE"""),207.4306) -> 207.4306 | L4: =IFERROR(__xludf.DUMMYFUNCTION("""COMPUTED_VALUE"""),207.4306) -> 207.4306 | M4: =IFERROR(__xludf.DUMMYFUNCTION("""COMPUTED_VALUE"""),106.2) -> 106.2 | N4: =IFERROR(__xludf.DUMMYFUNCTION("""COMPUTED_VALUE"""),2832.2) -> 2832.2 | O4: =IFERROR(__xludf.DUMMYFUNCTION("""COMPUTED_VALUE"""),1242509.294) -> 1242509.3 | P4: =IFERROR(__xludf.DUMMYFUNCTION("""COMPUTED_VALUE"""),1450.0) -> 1450 | Q4: =IFERROR(__xludf.DUMMYFUNCTION("""COMPUTED_VALUE"""),15.192503255172415) -> 15.192503 | R4: =IFERROR(__xludf.DUMMYFUNCTION("""COMPUTED_VALUE"""),22029.12972) -> 22029.13 | S4: =IFERROR(__xludf.DUMMYFUNCTION("""COMPUTED_VALUE"""),1465.0) -> 1465 | T4: =IFERROR(__xludf.DUMMYFUNCTION("""COMPUTED_VALUE"""),28266.41193141104) -> 28266.412 | U4: =IFERROR(__xludf.DUMMYFUNCTION("""COMPUTED_VALUE"""),21.240000000000002) -> 21.24 | V4: =IFERROR(__xludf.DUMMYFUNCTION("""COMPUTED_VALUE"""),0.9654545454545456) -> 0.96545455 | W4: =IFERROR(__xludf.DUMMYFUNCTION("""COMPUTED_VALUE"""),0.01742068829762803) -> 0.017420688 | X4: =IFERROR(__xludf.DUMMYFUNCTION("""COMPUTED_VALUE"""),1264538.42372) -> 1264538.4
A5: =IFERROR(__xludf.DUMMYFUNCTION("""COMPUTED_VALUE"""),45913.0) -> 45913 | B5: =IFERROR(__xludf.DUMMYFUNCTION("""COMPUTED_VALUE"""),5272486.0) -> 5272486 | C5: =IFERROR(__xludf.DUMMYFUNCTION("""COMPUTED_VALUE"""),"Linea C") -> Linea C | D5: =IFERROR(__xludf.DUMMYFUNCTION("""COMPUTED_VALUE"""),0.27) -> 0.27 | E5: =IFERROR(__xludf.DUMMYFUNCTION("""COMPUTED_VALUE"""),2726.0) -> 2726 | I5: =IFERROR(__xludf.DUMMYFUNCTION("""COMPUTED_VALUE"""),"T1-G2") -> T1-G2 | N5: =IFERROR(__xludf.DUMMYFUNCTION("""COMPUTED_VALUE"""),2726.0) -> 2726 | O5: =IFERROR(__xludf.DUMMYFUNCTION("""COMPUTED_VALUE"""),0.0) -> 0 | P5: =IFERROR(__xludf.DUMMYFUNCTION("""COMPUTED_VALUE"""),1425.0) -> 1425 | Q5: =IFERROR(__xludf.DUMMYFUNCTION("""COMPUTED_VALUE"""),0.0) -> 0 | R5: =IFERROR(__xludf.DUMMYFUNCTION("""COMPUTED_VALUE"""),0.0) -> 0 | S5: =IFERROR(__xludf.DUMMYFUNCTION("""COMPUTED_VALUE"""),1465.0) -> 1465 | T5: =IFERROR(__xludf.DUMMYFUNCTION("""COMPUTED_VALUE"""),0.0) -> 0 | U5: =IFERROR(__xludf.DUMMYFUNCTION("""COMPUTED_VALUE"""),0.0) -> 0 | V5: =IFERROR(__xludf.DUMMYFUNCTION("""COMPUTED_VALUE"""),0.0) -> 0 | W5: =IFERROR(__xludf.DUMMYFUNCTION("""COMPUTED_VALUE"""),"#DIV/0!") -> #DIV/0! | X5: =IFERROR(__xludf.DUMMYFUNCTION("""COMPUTED_VALUE"""),0.0) -> 0

Sheet LineaC Trimestral
A1: =Datos!A1 -> Fecha | B1: =Datos!B1 -> NIS | C1: =Datos!C1 -> Cliente | D1: =Datos!D1 -> IVA | E1: =Datos!E1 -> Consumo [kWh] | F1: =Datos!F1 -> Consumo hs punta [kWh] | G1: =Datos!G1 -> Consumo hs valle [kWh] | H1: =Datos!H1 -> Consumo hs resto[kWh] | ... X1: =Datos!X1 -> SIN PANELES S/IVA
A2: =LineaC!A2 -> 45992 | B2: =LineaC!B2 -> 5272486 | C2: =LineaC!C2 -> Linea C | D2: =LineaC!D2 -> 0.27 | E2: =LineaC!E2 -> 4539 | F2: =LineaC!F2 -> 0 | G2: =LineaC!G2 -> 0 | H2: =LineaC!H2 -> 4539 | ... X2: =LineaC!X2 -> 1103945.4
A3: =LineaC!A3 -> 45974 | B3: =LineaC!B3 -> 5272486 | C3: =LineaC!C3 -> Linea C | D3: =LineaC!D3 -> 0.27 | E3: =LineaC!E3 -> 4054 | F3: =LineaC!F3 | G3: =LineaC!G3 | H3: =LineaC!H3 -> 4054 | ... X3: =LineaC!X3 -> 1006704.7
A4: =LineaC!A4 -> 45932 | B4: =LineaC!B4 -> 5272486 | C4: =LineaC!C4 -> Linea C | D4: =LineaC!D4 -> 0.27 | E4: =LineaC!E4 -> 2726 | F4: =LineaC!F4 | G4: =LineaC!G4 | H4: =LineaC!H4 -> 5990 | ... X4: =LineaC!X4 -> 1264538.4

Sheet Cendis
A1: =Datos!A1 -> Fecha | B1: =Datos!B1 -> NIS | C1: =Datos!C1 -> Cliente | D1: =Datos!D1 -> IVA | E1: =Datos!E1 -> Consumo [kWh] | F1: =Datos!F1 -> Consumo hs punta [kWh] | G1: =Datos!G1 -> Consumo hs valle [kWh] | H1: =Datos!H1 -> Consumo hs resto[kWh] | ... X1: =Datos!X1 -> SIN PANELES S/IVA
A2: =IFERROR(__xludf.DUMMYFUNCTION("FILTER(Datos!1:1247,Datos!B:B=5238545)"),45993.0) -> 45993 | B2: =IFERROR(__xludf.DUMMYFUNCTION("""COMPUTED_VALUE"""),5238545.0) -> 5238545 | C2: =IFERROR(__xludf.DUMMYFUNCTION("""COMPUTED_VALUE"""),"Cendis ") -> Cendis | D2: =IFERROR(__xludf.DUMMYFUNCTION("""COMPUTED_VALUE"""),0.27) -> 0.27 | E2: =IFERROR(__xludf.DUMMYFUNCTION("""COMPUTED_VALUE"""),46318.0) -> 46318 | F2: =IFERROR(__xludf.DUMMYFUNCTION("""COMPUTED_VALUE"""),11250.0) -> 11250 | G2: =IFERROR(__xludf.DUMMYFUNCTION("""COMPUTED_VALUE"""),11963.0) -> 11963 | H2: =IFERROR(__xludf.DUMMYFUNCTION("""COMPUTED_VALUE"""),23105.0) -> 23105 | I2: =IFERROR(__xludf.DUMMYFUNCTION("""COMPUTED_VALUE"""),"T5-Ba") -> T5-Ba | J2: =IFERROR(__xludf.DUMMYFUNCTION("""COMPUTED_VALUE"""),168.7698) -> 168.7698 | K2: =IFERROR(__xludf.DUMMYFUNCTION("""COMPUTED_VALUE"""),165.9802) -> 165.9802 | L2: =IFERROR(__xludf.DUMMYFUNCTION("""COMPUTED_VALUE"""),166.7828) -> 166.7828 | M2: =IFERROR(__xludf.DUMMYFUNCTION("""COMPUTED_VALUE"""),13451.7) -> 13451.7 | N2: =IFERROR(__xludf.DUMMYFUNCTION("""COMPUTED_VALUE"""),59769.7) -> 59769.7 | O2: =IFERROR(__xludf.DUMMYFUNCTION("""COMPUTED_VALUE"""),7737797.976600001) -> 7737798 | P2: =IFERROR(__xludf.DUMMYFUNCTION("""COMPUTED_VALUE"""),1470.0) -> 1470 | Q2: =IFERROR(__xludf.DUMMYFUNCTION("""COMPUTED_VALUE"""),1526.19876922449) -> 1526.1988 | R2: =IFERROR(__xludf.DUMMYFUNCTION("""COMPUTED_VALUE"""),2243512.19076) -> 2243512.2 | S2: =IFERROR(__xludf.DUMMYFUNCTION("""COMPUTED_VALUE"""),1465.0) -> 1465 | T2: =IFERROR(__xludf.DUMMYFUNCTION("""COMPUTED_VALUE"""),2839569.120080625) -> 2839569.1 | U2: =IFERROR(__xludf.DUMMYFUNCTION("""COMPUTED_VALUE"""),2690.34) -> 2690.34 | V2: =IFERROR(__xludf.DUMMYFUNCTION("""COMPUTED_VALUE"""),122.28818181818183) -> 122.28818 | W2: =IFERROR(__xludf.DUMMYFUNCTION("""COMPUTED_VALUE"""),0.22477131289803373) -> 0.22477131 | X2: =IFERROR(__xludf.DUMMYFUNCTION("""COMPUTED_VALUE"""),9981310.16736) -> 9981310.2
A3: =IFERROR(__xludf.DUMMYFUNCTION("""COMPUTED_VALUE"""),45963.0) -> 45963 | B3: =IFERROR(__xludf.DUMMYFUNCTION("""COMPUTED_VALUE"""),5238545.0) -> 5238545 | C3: =IFERROR(__xludf.DUMMYFUNCTION("""COMPUTED_VALUE"""),"Cendis ") -> Cendis | D3: =IFERROR(__xludf.DUMMYFUNCTION("""COMPUTED_VALUE"""),0.27) -> 0.27 | E3: =IFERROR(__xludf.DUMMYFUNCTION("""COMPUTED_VALUE"""),35146.0) -> 35146 | F3: =IFERROR(__xludf.DUMMYFUNCTION("""COMPUTED_VALUE"""),9214.0) -> 9214 | G3: =IFERROR(__xludf.DUMMYFUNCTION("""COMPUTED_VALUE"""),9096.0) -> 9096 | H3: =IFERROR(__xludf.DUMMYFUNCTION("""COMPUTED_VALUE"""),16836.0) -> 16836 | I3: =IFERROR(__xludf.DUMMYFUNCTION("""COMPUTED_VALUE"""),"T5-Ba") -> T5-Ba | J3: =IFERROR(__xludf.DUMMYFUNCTION("""COMPUTED_VALUE"""),163.3724) -> 163.3724 | K3: =IFERROR(__xludf.DUMMYFUNCTION("""COMPUTED_VALUE"""),160.5827) -> 160.5827 | L3: =IFERROR(__xludf.DUMMYFUNCTION("""COMPUTED_VALUE"""),161.3854) -> 161.3854 | M3: =IFERROR(__xludf.DUMMYFUNCTION("""COMPUTED_VALUE"""),12463.3) -> 12463.3 | N3: =IFERROR(__xludf.DUMMYFUNCTION("""COMPUTED_VALUE"""),47609.3) -> 47609.3 | O3: =IFERROR(__xludf.DUMMYFUNCTION("""COMPUTED_VALUE"""),5683058.1272) -> 5683058.1 | P3: =IFERROR(__xludf.DUMMYFUNCTION("""COMPUTED_VALUE"""),1470.0) -> 1470 | Q3: =IFERROR(__xludf.DUMMYFUNCTION("""COMPUTED_VALUE"""),1368.2956842312924) -> 1368.2957 | R3: =IFERROR(__xludf.DUMMYFUNCTION("""COMPUTED_VALUE"""),2011394.6558199998) -> 2011394.7 | S3: =IFERROR(__xludf.DUMMYFUNCTION("""COMPUTED_VALUE"""),1465.0) -> 1465 | T3: =IFERROR(__xludf.DUMMYFUNCTION("""COMPUTED_VALUE"""),2545782.5352965314) -> 2545782.5 | U3: =IFERROR(__xludf.DUMMYFUNCTION("""COMPUTED_VALUE"""),2492.66) -> 2492.66 | V3: =IFERROR(__xludf.DUMMYFUNCTION("""COMPUTED_VALUE"""),113.30272727272727) -> 113.30273 | W3: =IFERROR(__xludf.DUMMYFUNCTION("""COMPUTED_VALUE"""),0.2614084084392219) -> 0.26140841 | X3: =IFERROR(__xludf.DUMMYFUNCTION("""COMPUTED_VALUE"""),7694452.78302) -> 7694452.8
A4: =IFERROR(__xludf.DUMMYFUNCTION("""COMPUTED_VALUE"""),45932.0) -> 45932 | B4: =IFERROR(__xludf.DUMMYFUNCTION("""COMPUTED_VALUE"""),5238545.0) -> 5238545 | C4: =IFERROR(__xludf.DUMMYFUNCTION("""COMPUTED_VALUE"""),"Cendis ") -> Cendis | D4: =IFERROR(__xludf.DUMMYFUNCTION("""COMPUTED_VALUE"""),0.27) -> 0.27 | E4: =IFERROR(__xludf.DUMMYFUNCTION("""COMPUTED_VALUE"""),27401.0) -> 27401 | F4: =IFERROR(__xludf.DUMMYFUNCTION("""COMPUTED_VALUE"""),7072.0) -> 7072 | G4: =IFERROR(__xludf.DUMMYFUNCTION("""COMPUTED_VALUE"""),7098.0) -> 7098 | H4: =IFERROR(__xludf.DUMMYFUNCTION("""COMPUTED_VALUE"""),13231.0) -> 13231 | I4: =IFERROR(__xludf.DUMMYFUNCTION("""COMPUTED_VALUE"""),"T5-Ba") -> T5-Ba | J4: =IFERROR(__xludf.DUMMYFUNCTION("""COMPUTED_VALUE"""),170.9156) -> 170.9156 | K4: =IFERROR(__xludf.DUMMYFUNCTION("""COMPUTED_VALUE"""),168.0814) -> 168.0814 | L4: =IFERROR(__xludf.DUMMYFUNCTION("""COMPUTED_VALUE"""),169.332) -> 169.332 | M4: =IFERROR(__xludf.DUMMYFUNCTION("""COMPUTED_VALUE"""),10226.1) -> 10226.1 | N4: =IFERROR(__xludf.DUMMYFUNCTION("""COMPUTED_VALUE"""),37627.1) -> 37627.1 | O4: =IFERROR(__xludf.DUMMYFUNCTION("""COMPUTED_VALUE"""),4642188.5923999995) -> 4642188.6 | P4: =IFERROR(__xludf.DUMMYFUNCTION("""COMPUTED_VALUE"""),1450.0) -> 1450 | Q4: =IFERROR(__xludf.DUMMYFUNCTION("""COMPUTED_VALUE"""),1194.2110104827586) -> 1194.211 | R4: =IFERROR(__xludf.DUMMYFUNCTION("""COMPUTED_VALUE"""),1731605.9652) -> 1731606 | S4: =IFERROR(__xludf.DUMMYFUNCTION("""COMPUTED_VALUE"""),1465.0) -> 1465 | T4: =IFERROR(__xludf.DUMMYFUNCTION("""COMPUTED_VALUE"""),2221889.295553697) -> 2221889.3 | U4: =IFERROR(__xludf.DUMMYFUNCTION("""COMPUTED_VALUE"""),2045.2200000000003) -> 2045.22 | V4: =IFERROR(__xludf.DUMMYFUNCTION("""COMPUTED_VALUE"""),92.96454545454547) -> 92.964545 | W4: =IFERROR(__xludf.DUMMYFUNCTION("""COMPUTED_VALUE"""),0.2716758360426386) -> 0.27167584 | X4: =IFERROR(__xludf.DUMMYFUNCTION("""COMPUTED_VALUE"""),6373794.557599999) -> 6373794.6

Sheet Cendis Trimestral 
A1: =Datos!A1 -> Fecha | B1: =Datos!B1 -> NIS | C1: =Datos!C1 -> Cliente | D1: =Datos!D1 -> IVA | E1: =Datos!E1 -> Consumo [kWh] | F1: =Datos!F1 -> Consumo hs punta [kWh] | G1: =Datos!G1 -> Consumo hs valle [kWh] | H1: =Datos!H1 -> Consumo hs resto[kWh] | ... X1: =Datos!X1 -> SIN PANELES S/IVA
A2: =Cendis!A2 -> 45993 | B2: =Cendis!B2 -> 5238545 | C2: =Cendis!C2 -> Cendis | D2: =Cendis!D2 -> 0.27 | E2: =Cendis!E2 -> 46318 | F2: =Cendis!F2 -> 11250 | G2: =Cendis!G2 -> 11963 | H2: =Cendis!H2 -> 23105 | ... X2: =Cendis!X2 -> 9981310.2
A3: =Cendis!A3 -> 45963 | B3: =Cendis!B3 -> 5238545 | C3: =Cendis!C3 -> Cendis | D3: =Cendis!D3 -> 0.27 | E3: =Cendis!E3 -> 35146 | F3: =Cendis!F3 -> 9214 | G3: =Cendis!G3 -> 9096 | H3: =Cendis!H3 -> 16836 | ... X3: =Cendis!X3 -> 7694452.8
A4: =Cendis!A4 -> 45932 | B4: =Cendis!B4 -> 5238545 | C4: =Cendis!C4 -> Cendis | D4: =Cendis!D4 -> 0.27 | E4: =Cendis!E4 -> 27401 | F4: =Cendis!F4 -> 7072 | G4: =Cendis!G4 -> 7098 | H4: =Cendis!H4 -> 13231 | ... X4: =Cendis!X4 -> 6373794.6

Sheet Tolaba
A1: =Datos!A1 -> Fecha | B1: =Datos!B1 -> NIS | C1: =Datos!C1 -> Cliente | D1: =Datos!D1 -> IVA | E1: =Datos!E1 -> Consumo [kWh] | F1: =Datos!F1 -> Consumo hs punta [kWh] | G1: =Datos!G1 -> Consumo hs valle [kWh] | H1: =Datos!H1 -> Consumo hs resto[kWh] | ... X1: =Datos!X1 -> SIN PANELES S/IVA
A2: =IFERROR(__xludf.DUMMYFUNCTION("FILTER(Datos!1:1247,Datos!B:B=3062898)"),45992.0) -> 45992 | B2: =IFERROR(__xludf.DUMMYFUNCTION("""COMPUTED_VALUE"""),3062898.0) -> 3062898 | C2: =IFERROR(__xludf.DUMMYFUNCTION("""COMPUTED_VALUE"""),"Tolaba") -> Tolaba | D2: =IFERROR(__xludf.DUMMYFUNCTION("""COMPUTED_VALUE"""),0.27) -> 0.27 | E2: =IFERROR(__xludf.DUMMYFUNCTION("""COMPUTED_VALUE"""),25661.0) -> 25661 | F2: =IFERROR(__xludf.DUMMYFUNCTION("""COMPUTED_VALUE"""),6829.0) -> 6829 | G2: =IFERROR(__xludf.DUMMYFUNCTION("""COMPUTED_VALUE"""),7919.0) -> 7919 | H2: =IFERROR(__xludf.DUMMYFUNCTION("""COMPUTED_VALUE"""),10913.0) -> 10913 | I2: =IFERROR(__xludf.DUMMYFUNCTION("""COMPUTED_VALUE"""),"T8") -> T8 | J2: =IFERROR(__xludf.DUMMYFUNCTION("""COMPUTED_VALUE"""),255.886) -> 255.886 | K2: =IFERROR(__xludf.DUMMYFUNCTION("""COMPUTED_VALUE"""),253.0963) -> 253.0963 | L2: =IFERROR(__xludf.DUMMYFUNCTION("""COMPUTED_VALUE"""),253.899) -> 253.899 | M2: =IFERROR(__xludf.DUMMYFUNCTION("""COMPUTED_VALUE"""),6284.5) -> 6284.5 | N2: =IFERROR(__xludf.DUMMYFUNCTION("""COMPUTED_VALUE"""),31945.5) -> 31945.5 | O2: =IFERROR(__xludf.DUMMYFUNCTION("""COMPUTED_VALUE"""),6522514.8807) -> 6522514.9 | P2: =IFERROR(__xludf.DUMMYFUNCTION("""COMPUTED_VALUE"""),1470.0) -> 1470 | Q2: =IFERROR(__xludf.DUMMYFUNCTION("""COMPUTED_VALUE"""),1085.4614051020408) -> 1085.4614 | R2: =IFERROR(__xludf.DUMMYFUNCTION("""COMPUTED_VALUE"""),1595628.2655) -> 1595628.3 | S2: =IFERROR(__xludf.DUMMYFUNCTION("""COMPUTED_VALUE"""),1465.0) -> 1465 | T2: =IFERROR(__xludf.DUMMYFUNCTION("""COMPUTED_VALUE"""),2019555.217262602) -> 2019555.2 | U2: =IFERROR(__xludf.DUMMYFUNCTION("""COMPUTED_VALUE"""),1256.9) -> 1256.9 | V2: =IFERROR(__xludf.DUMMYFUNCTION("""COMPUTED_VALUE"""),57.13181818181818) -> 57.131818 | W2: =IFERROR(__xludf.DUMMYFUNCTION("""COMPUTED_VALUE"""),0.19655089061183817) -> 0.19655089 | X2: =IFERROR(__xludf.DUMMYFUNCTION("""COMPUTED_VALUE"""),8118143.146199999) -> 8118143.1
A3: =IFERROR(__xludf.DUMMYFUNCTION("""COMPUTED_VALUE"""),45966.0) -> 45966 | B3: =IFERROR(__xludf.DUMMYFUNCTION("""COMPUTED_VALUE"""),3062898.0) -> 3062898 | C3: =IFERROR(__xludf.DUMMYFUNCTION("""COMPUTED_VALUE"""),"Tolaba ") -> Tolaba | D3: =IFERROR(__xludf.DUMMYFUNCTION("""COMPUTED_VALUE"""),0.27) -> 0.27 | E3: =IFERROR(__xludf.DUMMYFUNCTION("""COMPUTED_VALUE"""),7178.0) -> 7178 | F3: =IFERROR(__xludf.DUMMYFUNCTION("""COMPUTED_VALUE"""),1742.0) -> 1742 | G3: =IFERROR(__xludf.DUMMYFUNCTION("""COMPUTED_VALUE"""),1984.0) -> 1984 | H3: =IFERROR(__xludf.DUMMYFUNCTION("""COMPUTED_VALUE"""),3452.0) -> 3452 | I3: =IFERROR(__xludf.DUMMYFUNCTION("""COMPUTED_VALUE"""),"T8") -> T8 | J3: =IFERROR(__xludf.DUMMYFUNCTION("""COMPUTED_VALUE"""),253.749) -> 253.749 | K3: =IFERROR(__xludf.DUMMYFUNCTION("""COMPUTED_VALUE"""),251.0043) -> 251.0043 | L3: =IFERROR(__xludf.DUMMYFUNCTION("""COMPUTED_VALUE"""),251.807) -> 251.807 | M3: =IFERROR(__xludf.DUMMYFUNCTION("""COMPUTED_VALUE"""),1018.2) -> 1018.2 | N3: =IFERROR(__xludf.DUMMYFUNCTION("""COMPUTED_VALUE"""),2760.2) -> 2760.2 | O3: =IFERROR(__xludf.DUMMYFUNCTION("""COMPUTED_VALUE"""),1809261.0532) -> 1809261.1 | P3: =IFERROR(__xludf.DUMMYFUNCTION("""COMPUTED_VALUE"""),1470.0) -> 1470 | Q3: =IFERROR(__xludf.DUMMYFUNCTION("""COMPUTED_VALUE"""),174.4148893877551) -> 174.41489 | R3: =IFERROR(__xludf.DUMMYFUNCTION("""COMPUTED_VALUE"""),256389.88739999998) -> 256389.89 | S3: =IFERROR(__xludf.DUMMYFUNCTION("""COMPUTED_VALUE"""),1465.0) -> 1465 | T3: =IFERROR(__xludf.DUMMYFUNCTION("""COMPUTED_VALUE"""),324507.62245038775) -> 324507.62 | U3: =IFERROR(__xludf.DUMMYFUNCTION("""COMPUTED_VALUE"""),203.64000000000001) -> 203.64 | V3: =IFERROR(__xludf.DUMMYFUNCTION("""COMPUTED_VALUE"""),9.256363636363638) -> 9.2563636 | W3: =IFERROR(__xludf.DUMMYFUNCTION("""COMPUTED_VALUE"""),0.12412062578468734) -> 0.12412063 | X3: =IFERROR(__xludf.DUMMYFUNCTION("""COMPUTED_VALUE"""),2065650.9405999999) -> 2065650.9
A4: =IFERROR(__xludf.DUMMYFUNCTION("""COMPUTED_VALUE"""),45931.0) -> 45931 | B4: =IFERROR(__xludf.DUMMYFUNCTION("""COMPUTED_VALUE"""),3062898.0) -> 3062898 | C4: =IFERROR(__xludf.DUMMYFUNCTION("""COMPUTED_VALUE"""),"Tolaba ") -> Tolaba | D4: =IFERROR(__xludf.DUMMYFUNCTION("""COMPUTED_VALUE"""),0.27) -> 0.27 | E4: =IFERROR(__xludf.DUMMYFUNCTION("""COMPUTED_VALUE"""),1733.0) -> 1733 | F4: =IFERROR(__xludf.DUMMYFUNCTION("""COMPUTED_VALUE"""),377.0) -> 377 | G4: =IFERROR(__xludf.DUMMYFUNCTION("""COMPUTED_VALUE"""),386.0) -> 386 | H4: =IFERROR(__xludf.DUMMYFUNCTION("""COMPUTED_VALUE"""),970.0) -> 970 | I4: =IFERROR(__xludf.DUMMYFUNCTION("""COMPUTED_VALUE"""),"T8") -> T8 | J4: =IFERROR(__xludf.DUMMYFUNCTION("""COMPUTED_VALUE"""),250.4823) -> 250.4823 | K4: =IFERROR(__xludf.DUMMYFUNCTION("""COMPUTED_VALUE"""),247.6481) -> 247.6481 | L4: =IFERROR(__xludf.DUMMYFUNCTION("""COMPUTED_VALUE"""),248.8987) -> 248.8987 | M4: =IFERROR(__xludf.DUMMYFUNCTION("""COMPUTED_VALUE"""),174.5) -> 174.5 | N4: =IFERROR(__xludf.DUMMYFUNCTION("""COMPUTED_VALUE"""),1907.5) -> 1907.5 | O4: =IFERROR(__xludf.DUMMYFUNCTION("""COMPUTED_VALUE"""),431455.7327) -> 431455.73 | P4: =IFERROR(__xludf.DUMMYFUNCTION("""COMPUTED_VALUE"""),1450.0) -> 1450 | Q4: =IFERROR(__xludf.DUMMYFUNCTION("""COMPUTED_VALUE"""),29.953671137931032) -> 29.953671 | R4: =IFERROR(__xludf.DUMMYFUNCTION("""COMPUTED_VALUE"""),43432.82315) -> 43432.823 | S4: =IFERROR(__xludf.DUMMYFUNCTION("""COMPUTED_VALUE"""),1465.0) -> 1465 | T4: =IFERROR(__xludf.DUMMYFUNCTION("""COMPUTED_VALUE"""),55730.302835677576) -> 55730.303 | U4: =IFERROR(__xludf.DUMMYFUNCTION("""COMPUTED_VALUE"""),34.9) -> 34.9 | V4: =IFERROR(__xludf.DUMMYFUNCTION("""COMPUTED_VALUE"""),1.5863636363636362) -> 1.5863636 | W4: =IFERROR(__xludf.DUMMYFUNCTION("""COMPUTED_VALUE"""),0.09145898045965724) -> 0.09145898 | X4: =IFERROR(__xludf.DUMMYFUNCTION("""COMPUTED_VALUE"""),474888.55585) -> 474888.56
A5: =IFERROR(__xludf.DUMMYFUNCTION("""COMPUTED_VALUE"""),45903.0) -> 45903 | B5: =IFERROR(__xludf.DUMMYFUNCTION("""COMPUTED_VALUE"""),3062898.0) -> 3062898 | C5: =IFERROR(__xludf.DUMMYFUNCTION("""COMPUTED_VALUE"""),"Tolaba ") -> Tolaba | D5: =IFERROR(__xludf.DUMMYFUNCTION("""COMPUTED_VALUE"""),0.27) -> 0.27 | E5: =IFERROR(__xludf.DUMMYFUNCTION("""COMPUTED_VALUE"""),1544.0) -> 1544 | F5: =IFERROR(__xludf.DUMMYFUNCTION("""COMPUTED_VALUE"""),168.0) -> 168 | G5: =IFERROR(__xludf.DUMMYFUNCTION("""COMPUTED_VALUE"""),278.0) -> 278 | H5: =IFERROR(__xludf.DUMMYFUNCTION("""COMPUTED_VALUE"""),1098.0) -> 1098 | I5: =IFERROR(__xludf.DUMMYFUNCTION("""COMPUTED_VALUE"""),"T2-Ba") -> T2-Ba | J5: =IFERROR(__xludf.DUMMYFUNCTION("""COMPUTED_VALUE"""),156.8264) -> 156.8264 | K5: =IFERROR(__xludf.DUMMYFUNCTION("""COMPUTED_VALUE"""),156.8264) -> 156.8264 | L5: =IFERROR(__xludf.DUMMYFUNCTION("""COMPUTED_VALUE"""),156.8264) -> 156.8264 | M5: =IFERROR(__xludf.DUMMYFUNCTION("""COMPUTED_VALUE"""),717.3) -> 717.3 | N5: =IFERROR(__xludf.DUMMYFUNCTION("""COMPUTED_VALUE"""),2261.3) -> 2261.3 | O5: =IFERROR(__xludf.DUMMYFUNCTION("""COMPUTED_VALUE"""),242139.9616) -> 242139.96 | P5: =IFERROR(__xludf.DUMMYFUNCTION("""COMPUTED_VALUE"""),1425.0) -> 1425 | Q5: =IFERROR(__xludf.DUMMYFUNCTION("""COMPUTED_VALUE"""),78.94145734736841) -> 78.941457 | R5: =IFERROR(__xludf.DUMMYFUNCTION("""COMPUTED_VALUE"""),112491.57671999998) -> 112491.58 | S5: =IFERROR(__xludf.DUMMYFUNCTION("""COMPUTED_VALUE"""),1465.0) -> 1465 | T5: =IFERROR(__xludf.DUMMYFUNCTION("""COMPUTED_VALUE"""),146874.5284676463) -> 146874.53 | U5: =IFERROR(__xludf.DUMMYFUNCTION("""COMPUTED_VALUE"""),143.46) -> 143.46 | V5: =IFERROR(__xludf.DUMMYFUNCTION("""COMPUTED_VALUE"""),6.520909090909091) -> 6.5209091 | W5: =IFERROR(__xludf.DUMMYFUNCTION("""COMPUTED_VALUE"""),0.31720691637553616) -> 0.31720692 | X5: =IFERROR(__xludf.DUMMYFUNCTION("""COMPUTED_VALUE"""),354631.53832) -> 354631.54
A6: =IFERROR(__xludf.DUMMYFUNCTION("""COMPUTED_VALUE"""),45871.0) -> 45871 | B6: =IFERROR(__xludf.DUMMYFUNCTION("""COMPUTED_VALUE"""),3062898.0) -> 3062898 | C6: =IFERROR(__xludf.DUMMYFUNCTION("""COMPUTED_VALUE"""),"Tolaba ") -> Tolaba | D6: =IFERROR(__xludf.DUMMYFUNCTION("""COMPUTED_VALUE"""),0.27) -> 0.27 | E6: =IFERROR(__xludf.DUMMYFUNCTION("""COMPUTED_VALUE"""),2018.0) -> 2018 | F6: =IFERROR(__xludf.DUMMYFUNCTION("""COMPUTED_VALUE"""),488.0) -> 488 | G6: =IFERROR(__xludf.DUMMYFUNCTION("""COMPUTED_VALUE"""),571.0) -> 571 | H6: =IFERROR(__xludf.DUMMYFUNCTION("""COMPUTED_VALUE"""),959.0) -> 959 | I6: =IFERROR(__xludf.DUMMYFUNCTION("""COMPUTED_VALUE"""),"T8") -> T8 | J6: =IFERROR(__xludf.DUMMYFUNCTION("""COMPUTED_VALUE"""),245.9868) -> 245.9868 | K6: =IFERROR(__xludf.DUMMYFUNCTION("""COMPUTED_VALUE"""),243.1367) -> 243.1367 | L6: =IFERROR(__xludf.DUMMYFUNCTION("""COMPUTED_VALUE"""),244.3947) -> 244.3947 | M6: =IFERROR(__xludf.DUMMYFUNCTION("""COMPUTED_VALUE"""),704.0) -> 704 | N6: =IFERROR(__xludf.DUMMYFUNCTION("""COMPUTED_VALUE"""),2722.0) -> 2722 | O6: =IFERROR(__xludf.DUMMYFUNCTION("""COMPUTED_VALUE"""),493247.1314) -> 493247.13 | P6: =IFERROR(__xludf.DUMMYFUNCTION("""COMPUTED_VALUE"""),1340.0) -> 1340 | Q6: =IFERROR(__xludf.DUMMYFUNCTION("""COMPUTED_VALUE"""),128.3984095522388) -> 128.39841 | R6: =IFERROR(__xludf.DUMMYFUNCTION("""COMPUTED_VALUE"""),172053.8688) -> 172053.87 | S6: =IFERROR(__xludf.DUMMYFUNCTION("""COMPUTED_VALUE"""),1465.0) -> 1465 | T6: =IFERROR(__xludf.DUMMYFUNCTION("""COMPUTED_VALUE"""),238891.66089241792) -> 238891.66 | U6: =IFERROR(__xludf.DUMMYFUNCTION("""COMPUTED_VALUE"""),140.8) -> 140.8 | V6: =IFERROR(__xludf.DUMMYFUNCTION("""COMPUTED_VALUE"""),6.4) -> 6.4 | W6: =IFERROR(__xludf.DUMMYFUNCTION("""COMPUTED_VALUE"""),0.25861056686864725) -> 0.25861057 | X6: =IFERROR(__xludf.DUMMYFUNCTION("""COMPUTED_VALUE"""),665301.0002) -> 665301
A7: =IFERROR(__xludf.DUMMYFUNCTION("""COMPUTED_VALUE"""),45840.0) -> 45840 | B7: =IFERROR(__xludf.DUMMYFUNCTION("""COMPUTED_VALUE"""),3062898.0) -> 3062898 | C7: =IFERROR(__xludf.DUMMYFUNCTION("""COMPUTED_VALUE"""),"Tolaba ") -> Tolaba | D7: =IFERROR(__xludf.DUMMYFUNCTION("""COMPUTED_VALUE"""),0.27) -> 0.27 | E7: =IFERROR(__xludf.DUMMYFUNCTION("""COMPUTED_VALUE"""),2546.0) -> 2546 | F7: =IFERROR(__xludf.DUMMYFUNCTION("""COMPUTED_VALUE"""),533.0) -> 533 | G7: =IFERROR(__xludf.DUMMYFUNCTION("""COMPUTED_VALUE"""),628.0) -> 628 | H7: =IFERROR(__xludf.DUMMYFUNCTION("""COMPUTED_VALUE"""),1385.0) -> 1385 | I7: =IFERROR(__xludf.DUMMYFUNCTION("""COMPUTED_VALUE"""),"T8") -> T8 | J7: =IFERROR(__xludf.DUMMYFUNCTION("""COMPUTED_VALUE"""),236.6792) -> 236.6792 | K7: =IFERROR(__xludf.DUMMYFUNCTION("""COMPUTED_VALUE"""),233.8316) -> 233.8316 | L7: =IFERROR(__xludf.DUMMYFUNCTION("""COMPUTED_VALUE"""),235.0884) -> 235.0884 | M7: =IFERROR(__xludf.DUMMYFUNCTION("""COMPUTED_VALUE"""),118.3) -> 118.3 | N7: =IFERROR(__xludf.DUMMYFUNCTION("""COMPUTED_VALUE"""),2664.3) -> 2664.3 | O7: =IFERROR(__xludf.DUMMYFUNCTION("""COMPUTED_VALUE"""),598593.6924) -> 598593.69 | P7: =IFERROR(__xludf.DUMMYFUNCTION("""COMPUTED_VALUE"""),1280.0) -> 1280 | Q7: =IFERROR(__xludf.DUMMYFUNCTION("""COMPUTED_VALUE"""),21.727310718749997) -> 21.727311 | R7: =IFERROR(__xludf.DUMMYFUNCTION("""COMPUTED_VALUE"""),27810.95772) -> 27810.958 | S7: =IFERROR(__xludf.DUMMYFUNCTION("""COMPUTED_VALUE"""),1465.0) -> 1465 | T7: =IFERROR(__xludf.DUMMYFUNCTION("""COMPUTED_VALUE"""),40424.74795777031) -> 40424.748 | U7: =IFERROR(__xludf.DUMMYFUNCTION("""COMPUTED_VALUE"""),23.66) -> 23.66 | V7: =IFERROR(__xludf.DUMMYFUNCTION("""COMPUTED_VALUE"""),1.0754545454545454) -> 1.0754545 | W7: =IFERROR(__xludf.DUMMYFUNCTION("""COMPUTED_VALUE"""),0.04439775106182922) -> 0.044397751 | X7: =IFERROR(__xludf.DUMMYFUNCTION("""COMPUTED_VALUE"""),626404.65012) -> 626404.65

Sheet Tolaba Trimestral
A1: =Datos!A1 -> Fecha | B1: =Datos!B1 -> NIS | C1: =Datos!C1 -> Cliente | D1: =Datos!D1 -> IVA | E1: =Datos!E1 -> Consumo [kWh] | F1: =Datos!F1 -> Consumo hs punta [kWh] | G1: =Datos!G1 -> Consumo hs valle [kWh] | H1: =Datos!H1 -> Consumo hs resto[kWh] | ... X1: =Datos!X1 -> SIN PANELES S/IVA
A2: =Tolaba!A2 -> 45992 | B2: =Tolaba!B2 -> 3062898 | C2: =Tolaba!C2 -> Tolaba | D2: =Tolaba!D2 -> 0.27 | E2: =Tolaba!E2 -> 25661 | F2: =Tolaba!F2 -> 6829 | G2: =Tolaba!G2 -> 7919 | H2: =Tolaba!H2 -> 10913 | ... X2: =Tolaba!X2 -> 8118143.1
A3: =Tolaba!A3 -> 45966 | B3: =Tolaba!B3 -> 3062898 | C3: =Tolaba!C3 -> Tolaba | D3: =Tolaba!D3 -> 0.27 | E3: =Tolaba!E3 -> 7178 | F3: =Tolaba!F3 -> 1742 | G3: =Tolaba!G3 -> 1984 | H3: =Tolaba!H3 -> 3452 | ... X3: =Tolaba!X3 -> 2065650.9
A4: =Tolaba!A4 -> 45931 | B4: =Tolaba!B4 -> 3062898 | C4: =Tolaba!C4 -> Tolaba | D4: =Tolaba!D4 -> 0.27 | E4: =Tolaba!E4 -> 1733 | F4: =Tolaba!F4 -> 377 | G4: =Tolaba!G4 -> 386 | H4: =Tolaba!H4 -> 970 | ... X4: =Tolaba!X4 -> 474888.56

Sheet Robles
A1: =Datos!A1 -> Fecha | B1: =Datos!B1 -> NIS | C1: =Datos!C1 -> Cliente | D1: =Datos!D1 -> IVA | E1: =Datos!E1 -> Consumo [kWh] | F1: =Datos!F1 -> Consumo hs punta [kWh] | G1: =Datos!G1 -> Consumo hs valle [kWh] | H1: =Datos!H1 -> Consumo hs resto[kWh] | ... X1: =Datos!X1 -> SIN PANELES S/IVA
A2: =IFERROR(__xludf.DUMMYFUNCTION("FILTER(Datos!1:1247,Datos!B:B=3011513)"),45992.0) -> 45992 | B2: =IFERROR(__xludf.DUMMYFUNCTION("""COMPUTED_VALUE"""),3011513.0) -> 3011513 | C2: =IFERROR(__xludf.DUMMYFUNCTION("""COMPUTED_VALUE"""),"Robles") -> Robles | D2: =IFERROR(__xludf.DUMMYFUNCTION("""COMPUTED_VALUE"""),0.27) -> 0.27 | E2: =IFERROR(__xludf.DUMMYFUNCTION("""COMPUTED_VALUE"""),28047.0) -> 28047 | F2: =IFERROR(__xludf.DUMMYFUNCTION("""COMPUTED_VALUE"""),7969.0) -> 7969 | G2: =IFERROR(__xludf.DUMMYFUNCTION("""COMPUTED_VALUE"""),9368.0) -> 9368 | H2: =IFERROR(__xludf.DUMMYFUNCTION("""COMPUTED_VALUE"""),10710.0) -> 10710 | I2: =IFERROR(__xludf.DUMMYFUNCTION("""COMPUTED_VALUE"""),"T8") -> T8 | J2: =IFERROR(__xludf.DUMMYFUNCTION("""COMPUTED_VALUE"""),255.886) -> 255.886 | K2: =IFERROR(__xludf.DUMMYFUNCTION("""COMPUTED_VALUE"""),253.0963) -> 253.0963 | L2: =IFERROR(__xludf.DUMMYFUNCTION("""COMPUTED_VALUE"""),253.899) -> 253.899 | M2: =IFERROR(__xludf.DUMMYFUNCTION("""COMPUTED_VALUE"""),10816.3) -> 10816.3 | N2: =IFERROR(__xludf.DUMMYFUNCTION("""COMPUTED_VALUE"""),38863.3) -> 38863.3 | O2: =IFERROR(__xludf.DUMMYFUNCTION("""COMPUTED_VALUE"""),7129419.9624) -> 7129420 | P2: =IFERROR(__xludf.DUMMYFUNCTION("""COMPUTED_VALUE"""),1470.0) -> 1470 | Q2: =IFERROR(__xludf.DUMMYFUNCTION("""COMPUTED_VALUE"""),1868.1957508163264) -> 1868.1958 | R2: =IFERROR(__xludf.DUMMYFUNCTION("""COMPUTED_VALUE"""),2746247.7537) -> 2746247.8 | S2: =IFERROR(__xludf.DUMMYFUNCTION("""COMPUTED_VALUE"""),1465.0) -> 1465 | T2: =IFERROR(__xludf.DUMMYFUNCTION("""COMPUTED_VALUE"""),3475871.6041813157) -> 3475871.6 | U2: =IFERROR(__xludf.DUMMYFUNCTION("""COMPUTED_VALUE"""),2163.2599999999998) -> 2163.26 | V2: =IFERROR(__xludf.DUMMYFUNCTION("""COMPUTED_VALUE"""),98.32999999999998) -> 98.33 | W2: =IFERROR(__xludf.DUMMYFUNCTION("""COMPUTED_VALUE"""),0.2780822353128463) -> 0.27808224 | X2: =IFERROR(__xludf.DUMMYFUNCTION("""COMPUTED_VALUE"""),9875667.7161) -> 9875667.7
A3: =IFERROR(__xludf.DUMMYFUNCTION("""COMPUTED_VALUE"""),45967.0) -> 45967 | B3: =IFERROR(__xludf.DUMMYFUNCTION("""COMPUTED_VALUE"""),3011513.0) -> 3011513 | C3: =IFERROR(__xludf.DUMMYFUNCTION("""COMPUTED_VALUE"""),"Robles ") -> Robles | D3: =IFERROR(__xludf.DUMMYFUNCTION("""COMPUTED_VALUE"""),0.27) -> 0.27 | E3: =IFERROR(__xludf.DUMMYFUNCTION("""COMPUTED_VALUE"""),691.0) -> 691 | F3: =IFERROR(__xludf.DUMMYFUNCTION("""COMPUTED_VALUE"""),208.0) -> 208 | G3: =IFERROR(__xludf.DUMMYFUNCTION("""COMPUTED_VALUE"""),207.0) -> 207 | H3: =IFERROR(__xludf.DUMMYFUNCTION("""COMPUTED_VALUE"""),276.0) -> 276 | I3: =IFERROR(__xludf.DUMMYFUNCTION("""COMPUTED_VALUE"""),"T8") -> T8 | J3: =IFERROR(__xludf.DUMMYFUNCTION("""COMPUTED_VALUE"""),253.749) -> 253.749 | K3: =IFERROR(__xludf.DUMMYFUNCTION("""COMPUTED_VALUE"""),251.0043) -> 251.0043 | L3: =IFERROR(__xludf.DUMMYFUNCTION("""COMPUTED_VALUE"""),251.807) -> 251.807 | M3: =IFERROR(__xludf.DUMMYFUNCTION("""COMPUTED_VALUE"""),632.2) -> 632.2 | N3: =IFERROR(__xludf.DUMMYFUNCTION("""COMPUTED_VALUE"""),1323.2) -> 1323.2 | O3: =IFERROR(__xludf.DUMMYFUNCTION("""COMPUTED_VALUE"""),103969.2291) -> 103969.23 | P3: =IFERROR(__xludf.DUMMYFUNCTION("""COMPUTED_VALUE"""),1470.0) -> 1470 | Q3: =IFERROR(__xludf.DUMMYFUNCTION("""COMPUTED_VALUE"""),64.55506017687075) -> 64.55506 | R3: =IFERROR(__xludf.DUMMYFUNCTION("""COMPUTED_VALUE"""),94895.93846) -> 94895.938 | S3: =IFERROR(__xludf.DUMMYFUNCTION("""COMPUTED_VALUE"""),1465.0) -> 1465 | T3: =IFERROR(__xludf.DUMMYFUNCTION("""COMPUTED_VALUE"""),120107.91721207688) -> 120107.92 | U3: =IFERROR(__xludf.DUMMYFUNCTION("""COMPUTED_VALUE"""),126.44000000000001) -> 126.44 | V3: =IFERROR(__xludf.DUMMYFUNCTION("""COMPUTED_VALUE"""),5.747272727272728) -> 5.7472727 | W3: =IFERROR(__xludf.DUMMYFUNCTION("""COMPUTED_VALUE"""),0.477187330613687) -> 0.47718733 | X3: =IFERROR(__xludf.DUMMYFUNCTION("""COMPUTED_VALUE"""),198865.16756) -> 198865.17
A4: =IFERROR(__xludf.DUMMYFUNCTION("""COMPUTED_VALUE"""),45931.0) -> 45931 | B4: =IFERROR(__xludf.DUMMYFUNCTION("""COMPUTED_VALUE"""),3011513.0) -> 3011513 | C4: =IFERROR(__xludf.DUMMYFUNCTION("""COMPUTED_VALUE"""),"Robles ") -> Robles | D4: =IFERROR(__xludf.DUMMYFUNCTION("""COMPUTED_VALUE"""),0.27) -> 0.27 | E4: =IFERROR(__xludf.DUMMYFUNCTION("""COMPUTED_VALUE"""),769.0) -> 769 | F4: =IFERROR(__xludf.DUMMYFUNCTION("""COMPUTED_VALUE"""),233.0) -> 233 | G4: =IFERROR(__xludf.DUMMYFUNCTION("""COMPUTED_VALUE"""),221.0) -> 221 | H4: =IFERROR(__xludf.DUMMYFUNCTION("""COMPUTED_VALUE"""),315.0) -> 315 | I4: =IFERROR(__xludf.DUMMYFUNCTION("""COMPUTED_VALUE"""),"T8") -> T8 | J4: =IFERROR(__xludf.DUMMYFUNCTION("""COMPUTED_VALUE"""),250.4823) -> 250.4823 | K4: =IFERROR(__xludf.DUMMYFUNCTION("""COMPUTED_VALUE"""),247.6481) -> 247.6481 | L4: =IFERROR(__xludf.DUMMYFUNCTION("""COMPUTED_VALUE"""),248.8987) -> 248.8987 | M4: =IFERROR(__xludf.DUMMYFUNCTION("""COMPUTED_VALUE"""),515.4) -> 515.4 | N4: =IFERROR(__xludf.DUMMYFUNCTION("""COMPUTED_VALUE"""),1284.4) -> 1284.4 | O4: =IFERROR(__xludf.DUMMYFUNCTION("""COMPUTED_VALUE"""),191495.6965) -> 191495.7 | P4: =IFERROR(__xludf.DUMMYFUNCTION("""COMPUTED_VALUE"""),1450.0) -> 1450 | Q4: =IFERROR(__xludf.DUMMYFUNCTION("""COMPUTED_VALUE"""),88.47061377931034) -> 88.470614 | R4: =IFERROR(__xludf.DUMMYFUNCTION("""COMPUTED_VALUE"""),128282.38997999999) -> 128282.39 | S4: =IFERROR(__xludf.DUMMYFUNCTION("""COMPUTED_VALUE"""),1465.0) -> 1465 | T4: =IFERROR(__xludf.DUMMYFUNCTION("""COMPUTED_VALUE"""),164604.00046709584) -> 164604 | U4: =IFERROR(__xludf.DUMMYFUNCTION("""COMPUTED_VALUE"""),103.08) -> 103.08 | V4: =IFERROR(__xludf.DUMMYFUNCTION("""COMPUTED_VALUE"""),4.6854545454545455) -> 4.6854545 | W4: =IFERROR(__xludf.DUMMYFUNCTION("""COMPUTED_VALUE"""),0.40116066548551077) -> 0.40116067 | X4: =IFERROR(__xludf.DUMMYFUNCTION("""COMPUTED_VALUE"""),319778.08648) -> 319778.09
A5: =IFERROR(__xludf.DUMMYFUNCTION("""COMPUTED_VALUE"""),45904.0) -> 45904 | B5: =IFERROR(__xludf.DUMMYFUNCTION("""COMPUTED_VALUE"""),3011513.0) -> 3011513 | C5: =IFERROR(__xludf.DUMMYFUNCTION("""COMPUTED_VALUE"""),"Robles ") -> Robles | D5: =IFERROR(__xludf.DUMMYFUNCTION("""COMPUTED_VALUE"""),0.27) -> 0.27 | E5: =IFERROR(__xludf.DUMMYFUNCTION("""COMPUTED_VALUE"""),729.0) -> 729 | F5: =IFERROR(__xludf.DUMMYFUNCTION("""COMPUTED_VALUE"""),233.0) -> 233 | G5: =IFERROR(__xludf.DUMMYFUNCTION("""COMPUTED_VALUE"""),225.0) -> 225 | H5: =IFERROR(__xludf.DUMMYFUNCTION("""COMPUTED_VALUE"""),271.0) -> 271 | I5: =IFERROR(__xludf.DUMMYFUNCTION("""COMPUTED_VALUE"""),"T8") -> T8 | J5: =IFERROR(__xludf.DUMMYFUNCTION("""COMPUTED_VALUE"""),249.1232) -> 249.1232 | K5: =IFERROR(__xludf.DUMMYFUNCTION("""COMPUTED_VALUE"""),246.2829) -> 246.2829 | L5: =IFERROR(__xludf.DUMMYFUNCTION("""COMPUTED_VALUE"""),247.5372) -> 247.5372 | M5: =IFERROR(__xludf.DUMMYFUNCTION("""COMPUTED_VALUE"""),1492.0) -> 1492 | N5: =IFERROR(__xludf.DUMMYFUNCTION("""COMPUTED_VALUE"""),2221.0) -> 2221 | O5: =IFERROR(__xludf.DUMMYFUNCTION("""COMPUTED_VALUE"""),180541.93930000003) -> 180541.94 | P5: =IFERROR(__xludf.DUMMYFUNCTION("""COMPUTED_VALUE"""),1425.0) -> 1425 | Q5: =IFERROR(__xludf.DUMMYFUNCTION("""COMPUTED_VALUE"""),259.1757911578947) -> 259.17579 | R5: =IFERROR(__xludf.DUMMYFUNCTION("""COMPUTED_VALUE"""),369325.50239999994) -> 369325.5 | S5: =IFERROR(__xludf.DUMMYFUNCTION("""COMPUTED_VALUE"""),1465.0) -> 1465 | T5: =IFERROR(__xludf.DUMMYFUNCTION("""COMPUTED_VALUE"""),482209.518238821) -> 482209.52 | U5: =IFERROR(__xludf.DUMMYFUNCTION("""COMPUTED_VALUE"""),298.40000000000003) -> 298.4 | V5: =IFERROR(__xludf.DUMMYFUNCTION("""COMPUTED_VALUE"""),13.563636363636364) -> 13.563636 | W5: =IFERROR(__xludf.DUMMYFUNCTION("""COMPUTED_VALUE"""),0.6716627943239796) -> 0.67166279 | X5: =IFERROR(__xludf.DUMMYFUNCTION("""COMPUTED_VALUE"""),549867.4417000001) -> 549867.44
A6: =IFERROR(__xludf.DUMMYFUNCTION("""COMPUTED_VALUE"""),45872.0) -> 45872 | B6: =IFERROR(__xludf.DUMMYFUNCTION("""COMPUTED_VALUE"""),3011513.0) -> 3011513 | C6: =IFERROR(__xludf.DUMMYFUNCTION("""COMPUTED_VALUE"""),"Robles ") -> Robles | D6: =IFERROR(__xludf.DUMMYFUNCTION("""COMPUTED_VALUE"""),0.27) -> 0.27 | E6: =IFERROR(__xludf.DUMMYFUNCTION("""COMPUTED_VALUE"""),915.0) -> 915 | F6: =IFERROR(__xludf.DUMMYFUNCTION("""COMPUTED_VALUE"""),231.0) -> 231 | G6: =IFERROR(__xludf.DUMMYFUNCTION("""COMPUTED_VALUE"""),204.0) -> 204 | H6: =IFERROR(__xludf.DUMMYFUNCTION("""COMPUTED_VALUE"""),480.0) -> 480 | I6: =IFERROR(__xludf.DUMMYFUNCTION("""COMPUTED_VALUE"""),"T8") -> T8 | J6: =IFERROR(__xludf.DUMMYFUNCTION("""COMPUTED_VALUE"""),245.9868) -> 245.9868 | K6: =IFERROR(__xludf.DUMMYFUNCTION("""COMPUTED_VALUE"""),243.1367) -> 243.1367 | L6: =IFERROR(__xludf.DUMMYFUNCTION("""COMPUTED_VALUE"""),244.3947) -> 244.3947 | M6: =IFERROR(__xludf.DUMMYFUNCTION("""COMPUTED_VALUE"""),1708.6) -> 1708.6 | N6: =IFERROR(__xludf.DUMMYFUNCTION("""COMPUTED_VALUE"""),2623.6) -> 2623.6 | O6: =IFERROR(__xludf.DUMMYFUNCTION("""COMPUTED_VALUE"""),223732.2936) -> 223732.29 | P6: =IFERROR(__xludf.DUMMYFUNCTION("""COMPUTED_VALUE"""),1340.0) -> 1340 | Q6: =IFERROR(__xludf.DUMMYFUNCTION("""COMPUTED_VALUE"""),311.62148091044776) -> 311.62148 | R6: =IFERROR(__xludf.DUMMYFUNCTION("""COMPUTED_VALUE"""),417572.78442) -> 417572.78 | S6: =IFERROR(__xludf.DUMMYFUNCTION("""COMPUTED_VALUE"""),1465.0) -> 1465 | T6: =IFERROR(__xludf.DUMMYFUNCTION("""COMPUTED_VALUE"""),579787.3463079336) -> 579787.35 | U6: =IFERROR(__xludf.DUMMYFUNCTION("""COMPUTED_VALUE"""),341.72) -> 341.72 | V6: =IFERROR(__xludf.DUMMYFUNCTION("""COMPUTED_VALUE"""),15.532727272727273) -> 15.532727 | W6: =IFERROR(__xludf.DUMMYFUNCTION("""COMPUTED_VALUE"""),0.6511297021212382) -> 0.6511297 | X6: =IFERROR(__xludf.DUMMYFUNCTION("""COMPUTED_VALUE"""),641305.07802) -> 641305.08
A7: =IFERROR(__xludf.DUMMYFUNCTION("""COMPUTED_VALUE"""),45840.0) -> 45840 | B7: =IFERROR(__xludf.DUMMYFUNCTION("""COMPUTED_VALUE"""),3011513.0) -> 3011513 | C7: =IFERROR(__xludf.DUMMYFUNCTION("""COMPUTED_VALUE"""),"Robles ") -> Robles | D7: =IFERROR(__xludf.DUMMYFUNCTION("""COMPUTED_VALUE"""),0.27) -> 0.27 | E7: =IFERROR(__xludf.DUMMYFUNCTION("""COMPUTED_VALUE"""),1147.0) -> 1147 | F7: =IFERROR(__xludf.DUMMYFUNCTION("""COMPUTED_VALUE"""),261.0) -> 261 | G7: =IFERROR(__xludf.DUMMYFUNCTION("""COMPUTED_VALUE"""),209.0) -> 209 | H7: =IFERROR(__xludf.DUMMYFUNCTION("""COMPUTED_VALUE"""),677.0) -> 677 | I7: =IFERROR(__xludf.DUMMYFUNCTION("""COMPUTED_VALUE"""),"T8") -> T8 | J7: =IFERROR(__xludf.DUMMYFUNCTION("""COMPUTED_VALUE"""),236.6792) -> 236.6792 | K7: =IFERROR(__xludf.DUMMYFUNCTION("""COMPUTED_VALUE"""),233.8316) -> 233.8316 | L7: =IFERROR(__xludf.DUMMYFUNCTION("""COMPUTED_VALUE"""),235.0884) -> 235.0884 | M7: =IFERROR(__xludf.DUMMYFUNCTION("""COMPUTED_VALUE"""),391.8) -> 391.8 | N7: =IFERROR(__xludf.DUMMYFUNCTION("""COMPUTED_VALUE"""),1538.8) -> 1538.8 | O7: =IFERROR(__xludf.DUMMYFUNCTION("""COMPUTED_VALUE"""),269798.92240000004) -> 269798.92 | P7: =IFERROR(__xludf.DUMMYFUNCTION("""COMPUTED_VALUE"""),1280.0) -> 1280 | Q7: =IFERROR(__xludf.DUMMYFUNCTION("""COMPUTED_VALUE"""),71.95908993750001) -> 71.95909 | R7: =IFERROR(__xludf.DUMMYFUNCTION("""COMPUTED_VALUE"""),92107.63512000002) -> 92107.635 | S7: =IFERROR(__xludf.DUMMYFUNCTION("""COMPUTED_VALUE"""),1465.0) -> 1465 | T7: =IFERROR(__xludf.DUMMYFUNCTION("""COMPUTED_VALUE"""),133883.48478321565) -> 133883.48 | U7: =IFERROR(__xludf.DUMMYFUNCTION("""COMPUTED_VALUE"""),78.36000000000001) -> 78.36 | V7: =IFERROR(__xludf.DUMMYFUNCTION("""COMPUTED_VALUE"""),3.5618181818181824) -> 3.5618182 | W7: =IFERROR(__xludf.DUMMYFUNCTION("""COMPUTED_VALUE"""),0.25450667639507984) -> 0.25450668 | X7: =IFERROR(__xludf.DUMMYFUNCTION("""COMPUTED_VALUE"""),361906.55752000003) -> 361906.56

Sheet Robles Trimestral
A1: =Datos!A1 -> Fecha | B1: =Datos!B1 -> NIS | C1: =Datos!C1 -> Cliente | D1: =Datos!D1 -> IVA | E1: =Datos!E1 -> Consumo [kWh] | F1: =Datos!F1 -> Consumo hs punta [kWh] | G1: =Datos!G1 -> Consumo hs valle [kWh] | H1: =Datos!H1 -> Consumo hs resto[kWh] | ... X1: =Datos!X1 -> SIN PANELES S/IVA
A2: =Robles!A2 -> 45992 | B2: =Robles!B2 -> 3011513 | C2: =Robles!C2 -> Robles | D2: =Robles!D2 -> 0.27 | E2: =Robles!E2 -> 28047 | F2: =Robles!F2 -> 7969 | G2: =Robles!G2 -> 9368 | H2: =Robles!H2 -> 10710 | ... X2: =Robles!X2 -> 9875667.7
A3: =Robles!A3 -> 45967 | B3: =Robles!B3 -> 3011513 | C3: =Robles!C3 -> Robles | D3: =Robles!D3 -> 0.27 | E3: =Robles!E3 -> 691 | F3: =Robles!F3 -> 208 | G3: =Robles!G3 -> 207 | H3: =Robles!H3 -> 276 | ... X3: =Robles!X3 -> 198865.17
A4: =Robles!A4 -> 45931 | B4: =Robles!B4 -> 3011513 | C4: =Robles!C4 -> Robles | D4: =Robles!D4 -> 0.27 | E4: =Robles!E4 -> 769 | F4: =Robles!F4 -> 233 | G4: =Robles!G4 -> 221 | H4: =Robles!H4 -> 315 | ... X4: =Robles!X4 -> 319778.09

Sheet Cartoon Inversor 2
A1: =Datos!A1 -> Fecha | B1: =Datos!B1 -> NIS | C1: =Datos!C1 -> Cliente | D1: =Datos!D1 -> IVA | E1: =Datos!E1 -> Consumo [kWh] | F1: =Datos!F1 -> Consumo hs punta [kWh] | G1: =Datos!G1 -> Consumo hs valle [kWh] | H1: =Datos!H1 -> Consumo hs resto[kWh] | ... X1: =Datos!X1 -> SIN PANELES S/IVA
A2: =IFERROR(__xludf.DUMMYFUNCTION("FILTER(Datos!1:1247,Datos!B:B=5251101)"),45992.0) -> 45992 | B2: =IFERROR(__xludf.DUMMYFUNCTION("""COMPUTED_VALUE"""),5251101.0) -> 5251101 | C2: =IFERROR(__xludf.DUMMYFUNCTION("""COMPUTED_VALUE"""),"Cartoon Inversor 2") -> Cartoon Inversor 2 | D2: =IFERROR(__xludf.DUMMYFUNCTION("""COMPUTED_VALUE"""),0.27) -> 0.27 | E2: =IFERROR(__xludf.DUMMYFUNCTION("""COMPUTED_VALUE"""),4392.0) -> 4392 | F2: =IFERROR(__xludf.DUMMYFUNCTION("""COMPUTED_VALUE"""),852.0) -> 852 | G2: =IFERROR(__xludf.DUMMYFUNCTION("""COMPUTED_VALUE"""),324.0) -> 324 | H2: =IFERROR(__xludf.DUMMYFUNCTION("""COMPUTED_VALUE"""),3216.0) -> 3216 | I2: =IFERROR(__xludf.DUMMYFUNCTION("""COMPUTED_VALUE"""),"T5-Ba") -> T5-Ba | J2: =IFERROR(__xludf.DUMMYFUNCTION("""COMPUTED_VALUE"""),168.7698) -> 168.7698 | K2: =IFERROR(__xludf.DUMMYFUNCTION("""COMPUTED_VALUE"""),165.9802) -> 165.9802 | L2: =IFERROR(__xludf.DUMMYFUNCTION("""COMPUTED_VALUE"""),166.7828) -> 166.7828 | M2: =IFERROR(__xludf.DUMMYFUNCTION("""COMPUTED_VALUE"""),3063.6) -> 3063.6 | N2: =IFERROR(__xludf.DUMMYFUNCTION("""COMPUTED_VALUE"""),7455.6) -> 7455.6 | O2: =IFERROR(__xludf.DUMMYFUNCTION("""COMPUTED_VALUE"""),733942.9391999999) -> 733942.94 | P2: =IFERROR(__xludf.DUMMYFUNCTION("""COMPUTED_VALUE"""),1470.0) -> 1470 | Q2: =IFERROR(__xludf.DUMMYFUNCTION("""COMPUTED_VALUE"""),347.588970122449) -> 347.58897 | R2: =IFERROR(__xludf.DUMMYFUNCTION("""COMPUTED_VALUE"""),510955.78608) -> 510955.79 | S2: =IFERROR(__xludf.DUMMYFUNCTION("""COMPUTED_VALUE"""),1465.0) -> 1465 | T2: =IFERROR(__xludf.DUMMYFUNCTION("""COMPUTED_VALUE"""),646706.6583613225) -> 646706.66 | U2: =IFERROR(__xludf.DUMMYFUNCTION("""COMPUTED_VALUE"""),612.72) -> 612.72 | V2: =IFERROR(__xludf.DUMMYFUNCTION("""COMPUTED_VALUE"""),27.85090909090909) -> 27.850909 | W2: =IFERROR(__xludf.DUMMYFUNCTION("""COMPUTED_VALUE"""),0.4104396411564136) -> 0.41043964 | X2: =IFERROR(__xludf.DUMMYFUNCTION("""COMPUTED_VALUE"""),1244898.72528) -> 1244898.7
A3: =IFERROR(__xludf.DUMMYFUNCTION("""COMPUTED_VALUE"""),45986.0) -> 45986 | B3: =IFERROR(__xludf.DUMMYFUNCTION("""COMPUTED_VALUE"""),5251101.0) -> 5251101 | C3: =IFERROR(__xludf.DUMMYFUNCTION("""COMPUTED_VALUE"""),"Cartoon Inversor 2 ") -> Cartoon Inversor 2 | D3: =IFERROR(__xludf.DUMMYFUNCTION("""COMPUTED_VALUE"""),0.27) -> 0.27 | E3: =IFERROR(__xludf.DUMMYFUNCTION("""COMPUTED_VALUE"""),2160.0) -> 2160 | F3: =IFERROR(__xludf.DUMMYFUNCTION("""COMPUTED_VALUE"""),108.0) -> 108 | G3: =IFERROR(__xludf.DUMMYFUNCTION("""COMPUTED_VALUE"""),180.0) -> 180 | H3: =IFERROR(__xludf.DUMMYFUNCTION("""COMPUTED_VALUE"""),1872.0) -> 1872 | I3: =IFERROR(__xludf.DUMMYFUNCTION("""COMPUTED_VALUE"""),"T5-Ba") -> T5-Ba | J3: =IFERROR(__xludf.DUMMYFUNCTION("""COMPUTED_VALUE"""),163.3724) -> 163.3724 | K3: =IFERROR(__xludf.DUMMYFUNCTION("""COMPUTED_VALUE"""),160.5827) -> 160.5827 | L3: =IFERROR(__xludf.DUMMYFUNCTION("""COMPUTED_VALUE"""),161.3854) -> 161.3854 | M3: =IFERROR(__xludf.DUMMYFUNCTION("""COMPUTED_VALUE"""),4394.8) -> 4394.8 | N3: =IFERROR(__xludf.DUMMYFUNCTION("""COMPUTED_VALUE"""),6554.8) -> 6554.8 | O3: =IFERROR(__xludf.DUMMYFUNCTION("""COMPUTED_VALUE"""),348662.574) -> 348662.57 | P3: =IFERROR(__xludf.DUMMYFUNCTION("""COMPUTED_VALUE"""),1470.0) -> 1470 | Q3: =IFERROR(__xludf.DUMMYFUNCTION("""COMPUTED_VALUE"""),482.48745300680275) -> 482.48745 | R3: =IFERROR(__xludf.DUMMYFUNCTION("""COMPUTED_VALUE"""),709256.5559200001) -> 709256.56 | S3: =IFERROR(__xludf.DUMMYFUNCTION("""COMPUTED_VALUE"""),1465.0) -> 1465 | T3: =IFERROR(__xludf.DUMMYFUNCTION("""COMPUTED_VALUE"""),897692.0306918068) -> 897692.03 | U3: =IFERROR(__xludf.DUMMYFUNCTION("""COMPUTED_VALUE"""),878.96) -> 878.96 | V3: =IFERROR(__xludf.DUMMYFUNCTION("""COMPUTED_VALUE"""),39.95272727272727) -> 39.952727 | W3: =IFERROR(__xludf.DUMMYFUNCTION("""COMPUTED_VALUE"""),0.6704260617478712) -> 0.67042606 | X3: =IFERROR(__xludf.DUMMYFUNCTION("""COMPUTED_VALUE"""),1057919.1299200002) -> 1057919.1
A4: =IFERROR(__xludf.DUMMYFUNCTION("""COMPUTED_VALUE"""),45931.0) -> 45931 | B4: =IFERROR(__xludf.DUMMYFUNCTION("""COMPUTED_VALUE"""),5251101.0) -> 5251101 | C4: =IFERROR(__xludf.DUMMYFUNCTION("""COMPUTED_VALUE"""),"Cartoon Inversor 2 ") -> Cartoon Inversor 2 | D4: =IFERROR(__xludf.DUMMYFUNCTION("""COMPUTED_VALUE"""),0.27) -> 0.27 | E4: =IFERROR(__xludf.DUMMYFUNCTION("""COMPUTED_VALUE"""),6104.0) -> 6104 | F4: =IFERROR(__xludf.DUMMYFUNCTION("""COMPUTED_VALUE"""),455.0) -> 455 | G4: =IFERROR(__xludf.DUMMYFUNCTION("""COMPUTED_VALUE"""),590.0) -> 590 | H4: =IFERROR(__xludf.DUMMYFUNCTION("""COMPUTED_VALUE"""),5059.0) -> 5059 | I4: =IFERROR(__xludf.DUMMYFUNCTION("""COMPUTED_VALUE"""),"T5-Ba") -> T5-Ba | J4: =IFERROR(__xludf.DUMMYFUNCTION("""COMPUTED_VALUE"""),170.9156) -> 170.9156 | K4: =IFERROR(__xludf.DUMMYFUNCTION("""COMPUTED_VALUE"""),168.0814) -> 168.0814 | L4: =IFERROR(__xludf.DUMMYFUNCTION("""COMPUTED_VALUE"""),169.332) -> 169.332 | M4: =IFERROR(__xludf.DUMMYFUNCTION("""COMPUTED_VALUE"""),3283.3) -> 3283.3 | N4: =IFERROR(__xludf.DUMMYFUNCTION("""COMPUTED_VALUE"""),9387.3) -> 9387.3 | O4: =IFERROR(__xludf.DUMMYFUNCTION("""COMPUTED_VALUE"""),1033585.212) -> 1033585.2 | P4: =IFERROR(__xludf.DUMMYFUNCTION("""COMPUTED_VALUE"""),1450.0) -> 1450 | Q4: =IFERROR(__xludf.DUMMYFUNCTION("""COMPUTED_VALUE"""),383.4260383448276) -> 383.42604 | R4: =IFERROR(__xludf.DUMMYFUNCTION("""COMPUTED_VALUE"""),555967.7556) -> 555967.76 | S4: =IFERROR(__xludf.DUMMYFUNCTION("""COMPUTED_VALUE"""),1465.0) -> 1465 | T4: =IFERROR(__xludf.DUMMYFUNCTION("""COMPUTED_VALUE"""),713383.315642469) -> 713383.32 | U4: =IFERROR(__xludf.DUMMYFUNCTION("""COMPUTED_VALUE"""),656.6600000000001) -> 656.66 | V4: =IFERROR(__xludf.DUMMYFUNCTION("""COMPUTED_VALUE"""),29.84818181818182) -> 29.848182 | W4: =IFERROR(__xludf.DUMMYFUNCTION("""COMPUTED_VALUE"""),0.3497635919861372) -> 0.34976359 | X4: =IFERROR(__xludf.DUMMYFUNCTION("""COMPUTED_VALUE"""),1589552.9676) -> 1589553
A5: =IFERROR(__xludf.DUMMYFUNCTION("""COMPUTED_VALUE"""),45925.0) -> 45925 | B5: =IFERROR(__xludf.DUMMYFUNCTION("""COMPUTED_VALUE"""),5251101.0) -> 5251101 | C5: =IFERROR(__xludf.DUMMYFUNCTION("""COMPUTED_VALUE"""),"Cartoon Inversor 2 ") -> Cartoon Inversor 2 | D5: =IFERROR(__xludf.DUMMYFUNCTION("""COMPUTED_VALUE"""),0.27) -> 0.27 | E5: =IFERROR(__xludf.DUMMYFUNCTION("""COMPUTED_VALUE"""),3468.0) -> 3468 | F5: =IFERROR(__xludf.DUMMYFUNCTION("""COMPUTED_VALUE"""),336.0) -> 336 | G5: =IFERROR(__xludf.DUMMYFUNCTION("""COMPUTED_VALUE"""),168.0) -> 168 | H5: =IFERROR(__xludf.DUMMYFUNCTION("""COMPUTED_VALUE"""),2964.0) -> 2964 | I5: =IFERROR(__xludf.DUMMYFUNCTION("""COMPUTED_VALUE"""),"T5-Ba") -> T5-Ba | J5: =IFERROR(__xludf.DUMMYFUNCTION("""COMPUTED_VALUE"""),170.107) -> 170.107 | K5: =IFERROR(__xludf.DUMMYFUNCTION("""COMPUTED_VALUE"""),167.2668) -> 167.2668 | L5: =IFERROR(__xludf.DUMMYFUNCTION("""COMPUTED_VALUE"""),168.521) -> 168.521 | M5: =IFERROR(__xludf.DUMMYFUNCTION("""COMPUTED_VALUE"""),2999.4) -> 2999.4 | N5: =IFERROR(__xludf.DUMMYFUNCTION("""COMPUTED_VALUE"""),6467.4) -> 6467.4 | O5: =IFERROR(__xludf.DUMMYFUNCTION("""COMPUTED_VALUE"""),584753.0184) -> 584753.02 | P5: =IFERROR(__xludf.DUMMYFUNCTION("""COMPUTED_VALUE"""),1425.0) -> 1425 | Q5: =IFERROR(__xludf.DUMMYFUNCTION("""COMPUTED_VALUE"""),354.7100964210526) -> 354.7101 | R5: =IFERROR(__xludf.DUMMYFUNCTION("""COMPUTED_VALUE"""),505461.88739999995) -> 505461.89 | S5: =IFERROR(__xludf.DUMMYFUNCTION("""COMPUTED_VALUE"""),1465.0) -> 1465 | T5: =IFERROR(__xludf.DUMMYFUNCTION("""COMPUTED_VALUE"""),659955.8698961894) -> 659955.87 | U5: =IFERROR(__xludf.DUMMYFUNCTION("""COMPUTED_VALUE"""),599.88) -> 599.88 | V5: =IFERROR(__xludf.DUMMYFUNCTION("""COMPUTED_VALUE"""),27.267272727272726) -> 27.267273 | W5: =IFERROR(__xludf.DUMMYFUNCTION("""COMPUTED_VALUE"""),0.46363509131173725) -> 0.46363509 | X5: =IFERROR(__xludf.DUMMYFUNCTION("""COMPUTED_VALUE"""),1090214.9057999998) -> 1090214.9
A6: =IFERROR(__xludf.DUMMYFUNCTION("""COMPUTED_VALUE"""),45893.0) -> 45893 | B6: =IFERROR(__xludf.DUMMYFUNCTION("""COMPUTED_VALUE"""),5251101.0) -> 5251101 | C6: =IFERROR(__xludf.DUMMYFUNCTION("""COMPUTED_VALUE"""),"Cartoon Inversor 2 ") -> Cartoon Inversor 2 | D6: =IFERROR(__xludf.DUMMYFUNCTION("""COMPUTED_VALUE"""),0.27) -> 0.27 | E6: =IFERROR(__xludf.DUMMYFUNCTION("""COMPUTED_VALUE"""),2556.0) -> 2556 | F6: =IFERROR(__xludf.DUMMYFUNCTION("""COMPUTED_VALUE"""),408.0) -> 408 | G6: =IFERROR(__xludf.DUMMYFUNCTION("""COMPUTED_VALUE"""),180.0) -> 180 | H6: =IFERROR(__xludf.DUMMYFUNCTION("""COMPUTED_VALUE"""),1968.0) -> 1968 | I6: =IFERROR(__xludf.DUMMYFUNCTION("""COMPUTED_VALUE"""),"T5-Ba") -> T5-Ba | J6: =IFERROR(__xludf.DUMMYFUNCTION("""COMPUTED_VALUE"""),168.3315) -> 168.3315 | K6: =IFERROR(__xludf.DUMMYFUNCTION("""COMPUTED_VALUE"""),165.4814) -> 165.4814 | L6: =IFERROR(__xludf.DUMMYFUNCTION("""COMPUTED_VALUE"""),166.7393) -> 166.7393 | M6: =IFERROR(__xludf.DUMMYFUNCTION("""COMPUTED_VALUE"""),1438.9) -> 1438.9 | N6: =IFERROR(__xludf.DUMMYFUNCTION("""COMPUTED_VALUE"""),3994.9) -> 3994.9 | O6: =IFERROR(__xludf.DUMMYFUNCTION("""COMPUTED_VALUE"""),426608.84640000004) -> 426608.85 | P6: =IFERROR(__xludf.DUMMYFUNCTION("""COMPUTED_VALUE"""),1340.0) -> 1340 | Q6: =IFERROR(__xludf.DUMMYFUNCTION("""COMPUTED_VALUE"""),179.04565579850745) -> 179.04566 | R6: =IFERROR(__xludf.DUMMYFUNCTION("""COMPUTED_VALUE"""),239921.17877) -> 239921.18 | S6: =IFERROR(__xludf.DUMMYFUNCTION("""COMPUTED_VALUE"""),1465.0) -> 1465 | T6: =IFERROR(__xludf.DUMMYFUNCTION("""COMPUTED_VALUE"""),333123.3948959131) -> 333123.39 | U6: =IFERROR(__xludf.DUMMYFUNCTION("""COMPUTED_VALUE"""),287.78000000000003) -> 287.78 | V6: =IFERROR(__xludf.DUMMYFUNCTION("""COMPUTED_VALUE"""),13.080909090909092) -> 13.080909 | W6: =IFERROR(__xludf.DUMMYFUNCTION("""COMPUTED_VALUE"""),0.359955545451696) -> 0.35995555 | X6: =IFERROR(__xludf.DUMMYFUNCTION("""COMPUTED_VALUE"""),666530.02517) -> 666530.03

Sheet Cartoon Inversor 2 Trimestral 
A1: =Datos!A1 -> Fecha | B1: =Datos!B1 -> NIS | C1: =Datos!C1 -> Cliente | D1: =Datos!D1 -> IVA | E1: =Datos!E1 -> Consumo [kWh] | F1: =Datos!F1 -> Consumo hs punta [kWh] | G1: =Datos!G1 -> Consumo hs valle [kWh] | H1: =Datos!H1 -> Consumo hs resto[kWh] | ... X1: =Datos!X1 -> SIN PANELES S/IVA
A2: ='Cartoon Inversor 2'!A2 -> 45992 | B2: ='Cartoon Inversor 2'!B2 -> 5251101 | C2: ='Cartoon Inversor 2'!C2 -> Cartoon Inversor 2 | D2: ='Cartoon Inversor 2'!D2 -> 0.27 | E2: ='Cartoon Inversor 2'!E2 -> 4392 | F2: ='Cartoon Inversor 2'!F2 -> 852 | G2: ='Cartoon Inversor 2'!G2 -> 324 | H2: ='Cartoon Inversor 2'!H2 -> 3216 | ... X2: ='Cartoon Inversor 2'!X2 -> 1244898.7
A3: ='Cartoon Inversor 2'!A3 -> 45986 | B3: ='Cartoon Inversor 2'!B3 -> 5251101 | C3: ='Cartoon Inversor 2'!C3 -> Cartoon Inversor 2 | D3: ='Cartoon Inversor 2'!D3 -> 0.27 | E3: ='Cartoon Inversor 2'!E3 -> 2160 | F3: ='Cartoon Inversor 2'!F3 -> 108 | G3: ='Cartoon Inversor 2'!G3 -> 180 | H3: ='Cartoon Inversor 2'!H3 -> 1872 | ... X3: ='Cartoon Inversor 2'!X3 -> 1057919.1
A4: ='Cartoon Inversor 2'!A4 -> 45931 | B4: ='Cartoon Inversor 2'!B4 -> 5251101 | C4: ='Cartoon Inversor 2'!C4 -> Cartoon Inversor 2 | D4: ='Cartoon Inversor 2'!D4 -> 0.27 | E4: ='Cartoon Inversor 2'!E4 -> 6104 | F4: ='Cartoon Inversor 2'!F4 -> 455 | G4: ='Cartoon Inversor 2'!G4 -> 590 | H4: ='Cartoon Inversor 2'!H4 -> 5059 | ... X4: ='Cartoon Inversor 2'!X4 -> 1589553

Sheet Cartoon Inversor 1
A1: =Datos!A1 -> Fecha | B1: =Datos!B1 -> NIS | C1: =Datos!C1 -> Cliente | D1: =Datos!D1 -> IVA | E1: =Datos!E1 -> Consumo [kWh] | F1: =Datos!F1 -> Consumo hs punta [kWh] | G1: =Datos!G1 -> Consumo hs valle [kWh] | H1: =Datos!H1 -> Consumo hs resto[kWh] | ... X1: =Datos!X1 -> SIN PANELES S/IVA
A2: =IFERROR(__xludf.DUMMYFUNCTION("FILTER(Datos!1:1247,Datos!B:B=5251104)"),45992.0) -> 45992 | B2: =IFERROR(__xludf.DUMMYFUNCTION("""COMPUTED_VALUE"""),5251104.0) -> 5251104 | C2: =IFERROR(__xludf.DUMMYFUNCTION("""COMPUTED_VALUE"""),"Cartoon Inversor 1") -> Cartoon Inversor 1 | D2: =IFERROR(__xludf.DUMMYFUNCTION("""COMPUTED_VALUE"""),0.27) -> 0.27 | E2: =IFERROR(__xludf.DUMMYFUNCTION("""COMPUTED_VALUE"""),12507.0) -> 12507 | F2: =IFERROR(__xludf.DUMMYFUNCTION("""COMPUTED_VALUE"""),1173.0) -> 1173 | G2: =IFERROR(__xludf.DUMMYFUNCTION("""COMPUTED_VALUE"""),215.0) -> 215 | H2: =IFERROR(__xludf.DUMMYFUNCTION("""COMPUTED_VALUE"""),11119.0) -> 11119 | I2: =IFERROR(__xludf.DUMMYFUNCTION("""COMPUTED_VALUE"""),"T5-Ba") -> T5-Ba | J2: =IFERROR(__xludf.DUMMYFUNCTION("""COMPUTED_VALUE"""),168.7698) -> 168.7698 | K2: =IFERROR(__xludf.DUMMYFUNCTION("""COMPUTED_VALUE"""),165.9802) -> 165.9802 | L2: =IFERROR(__xludf.DUMMYFUNCTION("""COMPUTED_VALUE"""),166.7828) -> 166.7828 | M2: =IFERROR(__xludf.DUMMYFUNCTION("""COMPUTED_VALUE"""),5243.9) -> 5243.9 | N2: =IFERROR(__xludf.DUMMYFUNCTION("""COMPUTED_VALUE"""),17750.9) -> 17750.9 | O2: =IFERROR(__xludf.DUMMYFUNCTION("""COMPUTED_VALUE"""),2088110.6716) -> 2088110.7 | P2: =IFERROR(__xludf.DUMMYFUNCTION("""COMPUTED_VALUE"""),1470.0) -> 1470 | Q2: =IFERROR(__xludf.DUMMYFUNCTION("""COMPUTED_VALUE"""),594.9607652517008) -> 594.96077 | R2: =IFERROR(__xludf.DUMMYFUNCTION("""COMPUTED_VALUE"""),874592.3249200002) -> 874592.32 | S2: =IFERROR(__xludf.DUMMYFUNCTION("""COMPUTED_VALUE"""),1465.0) -> 1465 | T2: =IFERROR(__xludf.DUMMYFUNCTION("""COMPUTED_VALUE"""),1106954.2517890518) -> 1106954.3 | U2: =IFERROR(__xludf.DUMMYFUNCTION("""COMPUTED_VALUE"""),1048.78) -> 1048.78 | V2: =IFERROR(__xludf.DUMMYFUNCTION("""COMPUTED_VALUE"""),47.67181818181818) -> 47.671818 | W2: =IFERROR(__xludf.DUMMYFUNCTION("""COMPUTED_VALUE"""),0.2952008101882973) -> 0.29520081 | X2: =IFERROR(__xludf.DUMMYFUNCTION("""COMPUTED_VALUE"""),2962702.99652) -> 2962703
A3: =IFERROR(__xludf.DUMMYFUNCTION("""COMPUTED_VALUE"""),45987.0) -> 45987 | B3: =IFERROR(__xludf.DUMMYFUNCTION("""COMPUTED_VALUE"""),5251104.0) -> 5251104 | C3: =IFERROR(__xludf.DUMMYFUNCTION("""COMPUTED_VALUE"""),"Cartoon Inversor 1") -> Cartoon Inversor 1 | D3: =IFERROR(__xludf.DUMMYFUNCTION("""COMPUTED_VALUE"""),0.27) -> 0.27 | E3: =IFERROR(__xludf.DUMMYFUNCTION("""COMPUTED_VALUE"""),4612.0) -> 4612 | F3: =IFERROR(__xludf.DUMMYFUNCTION("""COMPUTED_VALUE"""),77.0) -> 77 | G3: =IFERROR(__xludf.DUMMYFUNCTION("""COMPUTED_VALUE"""),108.0) -> 108 | H3: =IFERROR(__xludf.DUMMYFUNCTION("""COMPUTED_VALUE"""),4427.0) -> 4427 | I3: =IFERROR(__xludf.DUMMYFUNCTION("""COMPUTED_VALUE"""),"T5-Ba") -> T5-Ba | J3: =IFERROR(__xludf.DUMMYFUNCTION("""COMPUTED_VALUE"""),163.3724) -> 163.3724 | K3: =IFERROR(__xludf.DUMMYFUNCTION("""COMPUTED_VALUE"""),160.5827) -> 160.5827 | L3: =IFERROR(__xludf.DUMMYFUNCTION("""COMPUTED_VALUE"""),161.3854) -> 161.3854 | M3: =IFERROR(__xludf.DUMMYFUNCTION("""COMPUTED_VALUE"""),4394.8) -> 4394.8 | N3: =IFERROR(__xludf.DUMMYFUNCTION("""COMPUTED_VALUE"""),9006.8) -> 9006.8 | O3: =IFERROR(__xludf.DUMMYFUNCTION("""COMPUTED_VALUE"""),744375.7722000001) -> 744375.77 | P3: =IFERROR(__xludf.DUMMYFUNCTION("""COMPUTED_VALUE"""),1470.0) -> 1470 | Q3: =IFERROR(__xludf.DUMMYFUNCTION("""COMPUTED_VALUE"""),482.48745300680275) -> 482.48745 | R3: =IFERROR(__xludf.DUMMYFUNCTION("""COMPUTED_VALUE"""),709256.5559200001) -> 709256.56 | S3: =IFERROR(__xludf.DUMMYFUNCTION("""COMPUTED_VALUE"""),1465.0) -> 1465 | T3: =IFERROR(__xludf.DUMMYFUNCTION("""COMPUTED_VALUE"""),897692.0306918068) -> 897692.03 | U3: =IFERROR(__xludf.DUMMYFUNCTION("""COMPUTED_VALUE"""),878.96) -> 878.96 | V3: =IFERROR(__xludf.DUMMYFUNCTION("""COMPUTED_VALUE"""),39.95272727272727) -> 39.952727 | W3: =IFERROR(__xludf.DUMMYFUNCTION("""COMPUTED_VALUE"""),0.4879201860055561) -> 0.48792019 | X3: =IFERROR(__xludf.DUMMYFUNCTION("""COMPUTED_VALUE"""),1453632.3281200002) -> 1453632.3
A4: =IFERROR(__xludf.DUMMYFUNCTION("""COMPUTED_VALUE"""),45931.0) -> 45931 | B4: =IFERROR(__xludf.DUMMYFUNCTION("""COMPUTED_VALUE"""),5251104.0) -> 5251104 | C4: =IFERROR(__xludf.DUMMYFUNCTION("""COMPUTED_VALUE"""),"Cartoon Inversor 1") -> Cartoon Inversor 1 | D4: =IFERROR(__xludf.DUMMYFUNCTION("""COMPUTED_VALUE"""),0.27) -> 0.27 | E4: =IFERROR(__xludf.DUMMYFUNCTION("""COMPUTED_VALUE"""),1872.0) -> 1872 | F4: =IFERROR(__xludf.DUMMYFUNCTION("""COMPUTED_VALUE"""),120.0) -> 120 | G4: =IFERROR(__xludf.DUMMYFUNCTION("""COMPUTED_VALUE"""),180.0) -> 180 | H4: =IFERROR(__xludf.DUMMYFUNCTION("""COMPUTED_VALUE"""),1572.0) -> 1572 | I4: =IFERROR(__xludf.DUMMYFUNCTION("""COMPUTED_VALUE"""),"T5-Ba") -> T5-Ba | J4: =IFERROR(__xludf.DUMMYFUNCTION("""COMPUTED_VALUE"""),170.9156) -> 170.9156 | K4: =IFERROR(__xludf.DUMMYFUNCTION("""COMPUTED_VALUE"""),168.0814) -> 168.0814 | L4: =IFERROR(__xludf.DUMMYFUNCTION("""COMPUTED_VALUE"""),169.332) -> 169.332 | M4: =IFERROR(__xludf.DUMMYFUNCTION("""COMPUTED_VALUE"""),3836.5) -> 3836.5 | N4: =IFERROR(__xludf.DUMMYFUNCTION("""COMPUTED_VALUE"""),5708.5) -> 5708.5 | O4: =IFERROR(__xludf.DUMMYFUNCTION("""COMPUTED_VALUE"""),316954.42799999996) -> 316954.43 | P4: =IFERROR(__xludf.DUMMYFUNCTION("""COMPUTED_VALUE"""),1450.0) -> 1450 | Q4: =IFERROR(__xludf.DUMMYFUNCTION("""COMPUTED_VALUE"""),448.029115862069) -> 448.02912 | R4: =IFERROR(__xludf.DUMMYFUNCTION("""COMPUTED_VALUE"""),649642.218) -> 649642.22 | S4: =IFERROR(__xludf.DUMMYFUNCTION("""COMPUTED_VALUE"""),1465.0) -> 1465 | T4: =IFERROR(__xludf.DUMMYFUNCTION("""COMPUTED_VALUE"""),833580.5715171725) -> 833580.57 | U4: =IFERROR(__xludf.DUMMYFUNCTION("""COMPUTED_VALUE"""),767.3000000000001) -> 767.3 | V4: =IFERROR(__xludf.DUMMYFUNCTION("""COMPUTED_VALUE"""),34.87727272727273) -> 34.877273 | W4: =IFERROR(__xludf.DUMMYFUNCTION("""COMPUTED_VALUE"""),0.6720923569188549) -> 0.67209236 | X4: =IFERROR(__xludf.DUMMYFUNCTION("""COMPUTED_VALUE"""),966596.646) -> 966596.65
A5: =IFERROR(__xludf.DUMMYFUNCTION("""COMPUTED_VALUE"""),45925.0) -> 45925 | B5: =IFERROR(__xludf.DUMMYFUNCTION("""COMPUTED_VALUE"""),5251104.0) -> 5251104 | C5: =IFERROR(__xludf.DUMMYFUNCTION("""COMPUTED_VALUE"""),"Cartoon Inversor 1") -> Cartoon Inversor 1 | D5: =IFERROR(__xludf.DUMMYFUNCTION("""COMPUTED_VALUE"""),0.27) -> 0.27 | E5: =IFERROR(__xludf.DUMMYFUNCTION("""COMPUTED_VALUE"""),7899.0) -> 7899 | F5: =IFERROR(__xludf.DUMMYFUNCTION("""COMPUTED_VALUE"""),445.0) -> 445 | G5: =IFERROR(__xludf.DUMMYFUNCTION("""COMPUTED_VALUE"""),221.0) -> 221 | H5: =IFERROR(__xludf.DUMMYFUNCTION("""COMPUTED_VALUE"""),7233.0) -> 7233 | I5: =IFERROR(__xludf.DUMMYFUNCTION("""COMPUTED_VALUE"""),"T5-Ba") -> T5-Ba | J5: =IFERROR(__xludf.DUMMYFUNCTION("""COMPUTED_VALUE"""),170.107) -> 170.107 | K5: =IFERROR(__xludf.DUMMYFUNCTION("""COMPUTED_VALUE"""),167.2668) -> 167.2668 | L5: =IFERROR(__xludf.DUMMYFUNCTION("""COMPUTED_VALUE"""),168.521) -> 168.521 | M5: =IFERROR(__xludf.DUMMYFUNCTION("""COMPUTED_VALUE"""),4463.7) -> 4463.7 | N5: =IFERROR(__xludf.DUMMYFUNCTION("""COMPUTED_VALUE"""),12362.7) -> 12362.7 | O5: =IFERROR(__xludf.DUMMYFUNCTION("""COMPUTED_VALUE"""),1331575.9708) -> 1331576 | P5: =IFERROR(__xludf.DUMMYFUNCTION("""COMPUTED_VALUE"""),1425.0) -> 1425 | Q5: =IFERROR(__xludf.DUMMYFUNCTION("""COMPUTED_VALUE"""),527.8787282105262) -> 527.87873 | R5: =IFERROR(__xludf.DUMMYFUNCTION("""COMPUTED_VALUE"""),752227.1876999999) -> 752227.19 | S5: =IFERROR(__xludf.DUMMYFUNCTION("""COMPUTED_VALUE"""),1465.0) -> 1465 | T5: =IFERROR(__xludf.DUMMYFUNCTION("""COMPUTED_VALUE"""),982144.7677720945) -> 982144.77 | U5: =IFERROR(__xludf.DUMMYFUNCTION("""COMPUTED_VALUE"""),892.74) -> 892.74 | V5: =IFERROR(__xludf.DUMMYFUNCTION("""COMPUTED_VALUE"""),40.57909090909091) -> 40.579091 | W5: =IFERROR(__xludf.DUMMYFUNCTION("""COMPUTED_VALUE"""),0.36098764157814284) -> 0.36098764 | X5: =IFERROR(__xludf.DUMMYFUNCTION("""COMPUTED_VALUE"""),2083803.1585) -> 2083803.2
A6: =IFERROR(__xludf.DUMMYFUNCTION("""COMPUTED_VALUE"""),45893.0) -> 45893 | B6: =IFERROR(__xludf.DUMMYFUNCTION("""COMPUTED_VALUE"""),5251104.0) -> 5251104 | C6: =IFERROR(__xludf.DUMMYFUNCTION("""COMPUTED_VALUE"""),"Cartoon Inversor 1") -> Cartoon Inversor 1 | D6: =IFERROR(__xludf.DUMMYFUNCTION("""COMPUTED_VALUE"""),0.27) -> 0.27 | E6: =IFERROR(__xludf.DUMMYFUNCTION("""COMPUTED_VALUE"""),4539.0) -> 4539 | F6: =IFERROR(__xludf.DUMMYFUNCTION("""COMPUTED_VALUE"""),411.0) -> 411 | G6: =IFERROR(__xludf.DUMMYFUNCTION("""COMPUTED_VALUE"""),112.0) -> 112 | H6: =IFERROR(__xludf.DUMMYFUNCTION("""COMPUTED_VALUE"""),4016.0) -> 4016 | I6: =IFERROR(__xludf.DUMMYFUNCTION("""COMPUTED_VALUE"""),"T6-Me") -> T6-Me | J6: =IFERROR(__xludf.DUMMYFUNCTION("""COMPUTED_VALUE"""),194.1304) -> 194.1304 | K6: =IFERROR(__xludf.DUMMYFUNCTION("""COMPUTED_VALUE"""),191.5662) -> 191.5662 | L6: =IFERROR(__xludf.DUMMYFUNCTION("""COMPUTED_VALUE"""),192.6979) -> 192.6979 | M6: =IFERROR(__xludf.DUMMYFUNCTION("""COMPUTED_VALUE"""),4656.4) -> 4656.4 | N6: =IFERROR(__xludf.DUMMYFUNCTION("""COMPUTED_VALUE"""),9195.4) -> 9195.4 | O6: =IFERROR(__xludf.DUMMYFUNCTION("""COMPUTED_VALUE"""),875117.7752) -> 875117.78 | P6: =IFERROR(__xludf.DUMMYFUNCTION("""COMPUTED_VALUE"""),1340.0) -> 1340 | Q6: =IFERROR(__xludf.DUMMYFUNCTION("""COMPUTED_VALUE"""),669.6108220597015) -> 669.61082 | R6: =IFERROR(__xludf.DUMMYFUNCTION("""COMPUTED_VALUE"""),897278.50156) -> 897278.5 | S6: =IFERROR(__xludf.DUMMYFUNCTION("""COMPUTED_VALUE"""),1465.0) -> 1465 | T6: =IFERROR(__xludf.DUMMYFUNCTION("""COMPUTED_VALUE"""),1245844.4149831776) -> 1245844.4 | U6: =IFERROR(__xludf.DUMMYFUNCTION("""COMPUTED_VALUE"""),931.28) -> 931.28 | V6: =IFERROR(__xludf.DUMMYFUNCTION("""COMPUTED_VALUE"""),42.33090909090909) -> 42.330909 | W6: =IFERROR(__xludf.DUMMYFUNCTION("""COMPUTED_VALUE"""),0.5062516285580646) -> 0.50625163 | X6: =IFERROR(__xludf.DUMMYFUNCTION("""COMPUTED_VALUE"""),1772396.27676) -> 1772396.3
A7: =IFERROR(__xludf.DUMMYFUNCTION("""COMPUTED_VALUE"""),45839.0) -> 45839 | B7: =IFERROR(__xludf.DUMMYFUNCTION("""COMPUTED_VALUE"""),5251104.0) -> 5251104 | C7: =IFERROR(__xludf.DUMMYFUNCTION("""COMPUTED_VALUE"""),"Cartoon Inversor 1") -> Cartoon Inversor 1 | D7: =IFERROR(__xludf.DUMMYFUNCTION("""COMPUTED_VALUE"""),0.27) -> 0.27 | E7: =IFERROR(__xludf.DUMMYFUNCTION("""COMPUTED_VALUE"""),6490.0) -> 6490 | F7: =IFERROR(__xludf.DUMMYFUNCTION("""COMPUTED_VALUE"""),648.0) -> 648 | G7: =IFERROR(__xludf.DUMMYFUNCTION("""COMPUTED_VALUE"""),132.0) -> 132 | H7: =IFERROR(__xludf.DUMMYFUNCTION("""COMPUTED_VALUE"""),5710.0) -> 5710 | I7: =IFERROR(__xludf.DUMMYFUNCTION("""COMPUTED_VALUE"""),"T6-Me") -> T6-Me | J7: =IFERROR(__xludf.DUMMYFUNCTION("""COMPUTED_VALUE"""),185.8715) -> 185.8715 | K7: =IFERROR(__xludf.DUMMYFUNCTION("""COMPUTED_VALUE"""),183.3095) -> 183.3095 | L7: =IFERROR(__xludf.DUMMYFUNCTION("""COMPUTED_VALUE"""),184.4402) -> 184.4402 | M7: =IFERROR(__xludf.DUMMYFUNCTION("""COMPUTED_VALUE"""),5248.7) -> 5248.7 | N7: =IFERROR(__xludf.DUMMYFUNCTION("""COMPUTED_VALUE"""),11738.7) -> 11738.7 | O7: =IFERROR(__xludf.DUMMYFUNCTION("""COMPUTED_VALUE"""),1197795.128) -> 1197795.1 | P7: =IFERROR(__xludf.DUMMYFUNCTION("""COMPUTED_VALUE"""),1280.0) -> 1280 | Q7: =IFERROR(__xludf.DUMMYFUNCTION("""COMPUTED_VALUE"""),756.305685734375) -> 756.30569 | R7: =IFERROR(__xludf.DUMMYFUNCTION("""COMPUTED_VALUE"""),968071.2777399999) -> 968071.28 | S7: =IFERROR(__xludf.DUMMYFUNCTION("""COMPUTED_VALUE"""),1465.0) -> 1465 | T7: =IFERROR(__xludf.DUMMYFUNCTION("""COMPUTED_VALUE"""),1407144.5435930912) -> 1407144.5 | U7: =IFERROR(__xludf.DUMMYFUNCTION("""COMPUTED_VALUE"""),1049.74) -> 1049.74 | V7: =IFERROR(__xludf.DUMMYFUNCTION("""COMPUTED_VALUE"""),47.71545454545455) -> 47.715455 | W7: =IFERROR(__xludf.DUMMYFUNCTION("""COMPUTED_VALUE"""),0.4469672160639308) -> 0.44696722 | X7: =IFERROR(__xludf.DUMMYFUNCTION("""COMPUTED_VALUE"""),2165866.40574) -> 2165866.4
A8: =IFERROR(__xludf.DUMMYFUNCTION("""COMPUTED_VALUE"""),45809.0) -> 45809 | B8: =IFERROR(__xludf.DUMMYFUNCTION("""COMPUTED_VALUE"""),5251104.0) -> 5251104 | C8: =IFERROR(__xludf.DUMMYFUNCTION("""COMPUTED_VALUE"""),"Cartoon Inversor 1") -> Cartoon Inversor 1 | D8: =IFERROR(__xludf.DUMMYFUNCTION("""COMPUTED_VALUE"""),0.27) -> 0.27 | E8: =IFERROR(__xludf.DUMMYFUNCTION("""COMPUTED_VALUE"""),22907.0) -> 22907 | F8: =IFERROR(__xludf.DUMMYFUNCTION("""COMPUTED_VALUE"""),4199.0) -> 4199 | G8: =IFERROR(__xludf.DUMMYFUNCTION("""COMPUTED_VALUE"""),4543.0) -> 4543 | H8: =IFERROR(__xludf.DUMMYFUNCTION("""COMPUTED_VALUE"""),14165.0) -> 14165 | I8: =IFERROR(__xludf.DUMMYFUNCTION("""COMPUTED_VALUE"""),"T6-Me") -> T6-Me | J8: =IFERROR(__xludf.DUMMYFUNCTION("""COMPUTED_VALUE"""),185.9218) -> 185.9218 | K8: =IFERROR(__xludf.DUMMYFUNCTION("""COMPUTED_VALUE"""),183.3928) -> 183.3928 | L8: =IFERROR(__xludf.DUMMYFUNCTION("""COMPUTED_VALUE"""),184.5092) -> 184.5092 | M8: =IFERROR(__xludf.DUMMYFUNCTION("""COMPUTED_VALUE"""),5601.5) -> 5601.5 | N8: =IFERROR(__xludf.DUMMYFUNCTION("""COMPUTED_VALUE"""),28508.5) -> 28508.5 | O8: =IFERROR(__xludf.DUMMYFUNCTION("""COMPUTED_VALUE"""),4227411.946599999) -> 4227411.9 | P8: =IFERROR(__xludf.DUMMYFUNCTION("""COMPUTED_VALUE"""),1140.0) -> 1140 | Q8: =IFERROR(__xludf.DUMMYFUNCTION("""COMPUTED_VALUE"""),906.6037577192982) -> 906.60376 | R8: =IFERROR(__xludf.DUMMYFUNCTION("""COMPUTED_VALUE"""),1033528.2838) -> 1033528.3 | S8: =IFERROR(__xludf.DUMMYFUNCTION("""COMPUTED_VALUE"""),1465.0) -> 1465 | T8: =IFERROR(__xludf.DUMMYFUNCTION("""COMPUTED_VALUE"""),1686781.6214246403) -> 1686781.6 | U8: =IFERROR(__xludf.DUMMYFUNCTION("""COMPUTED_VALUE"""),1120.3) -> 1120.3 | V8: =IFERROR(__xludf.DUMMYFUNCTION("""COMPUTED_VALUE"""),50.92272727272727) -> 50.922727 | W8: =IFERROR(__xludf.DUMMYFUNCTION("""COMPUTED_VALUE"""),0.19645315067976332) -> 0.19645315 | X8: =IFERROR(__xludf.DUMMYFUNCTION("""COMPUTED_VALUE"""),5260940.2304) -> 5260940.2
A9: =IFERROR(__xludf.DUMMYFUNCTION("""COMPUTED_VALUE"""),45778.0) -> 45778 | B9: =IFERROR(__xludf.DUMMYFUNCTION("""COMPUTED_VALUE"""),5251104.0) -> 5251104 | C9: =IFERROR(__xludf.DUMMYFUNCTION("""COMPUTED_VALUE"""),"Cartoon Inversor 1") -> Cartoon Inversor 1 | D9: =IFERROR(__xludf.DUMMYFUNCTION("""COMPUTED_VALUE"""),0.27) -> 0.27 | E9: =IFERROR(__xludf.DUMMYFUNCTION("""COMPUTED_VALUE"""),6466.0) -> 6466 | F9: =IFERROR(__xludf.DUMMYFUNCTION("""COMPUTED_VALUE"""),88.0) -> 88 | G9: =IFERROR(__xludf.DUMMYFUNCTION("""COMPUTED_VALUE"""),101.0) -> 101 | H9: =IFERROR(__xludf.DUMMYFUNCTION("""COMPUTED_VALUE"""),6277.0) -> 6277 | I9: =IFERROR(__xludf.DUMMYFUNCTION("""COMPUTED_VALUE"""),"T6") -> T6 | J9: =IFERROR(__xludf.DUMMYFUNCTION("""COMPUTED_VALUE"""),185.5394) -> 185.5394 | K9: =IFERROR(__xludf.DUMMYFUNCTION("""COMPUTED_VALUE"""),183.0479) -> 183.0479 | L9: =IFERROR(__xludf.DUMMYFUNCTION("""COMPUTED_VALUE"""),184.1477) -> 184.1477 | M9: =IFERROR(__xludf.DUMMYFUNCTION("""COMPUTED_VALUE"""),7863.8) -> 7863.8 | N9: =IFERROR(__xludf.DUMMYFUNCTION("""COMPUTED_VALUE"""),14329.8) -> 14329.8 | O9: =IFERROR(__xludf.DUMMYFUNCTION("""COMPUTED_VALUE"""),1190710.4179999998) -> 1190710.4 | P9: =IFERROR(__xludf.DUMMYFUNCTION("""COMPUTED_VALUE"""),1140.0) -> 1140 | Q9: =IFERROR(__xludf.DUMMYFUNCTION("""COMPUTED_VALUE"""),1270.263757245614) -> 1270.2638 | R9: =IFERROR(__xludf.DUMMYFUNCTION("""COMPUTED_VALUE"""),1448100.6832599998) -> 1448100.7 | S9: =IFERROR(__xludf.DUMMYFUNCTION("""COMPUTED_VALUE"""),1465.0) -> 1465 | T9: =IFERROR(__xludf.DUMMYFUNCTION("""COMPUTED_VALUE"""),2363389.233543327) -> 2363389.2 | U9: =IFERROR(__xludf.DUMMYFUNCTION("""COMPUTED_VALUE"""),1572.7600000000002) -> 1572.76 | V9: =IFERROR(__xludf.DUMMYFUNCTION("""COMPUTED_VALUE"""),71.48909090909092) -> 71.489091 | W9: =IFERROR(__xludf.DUMMYFUNCTION("""COMPUTED_VALUE"""),0.548770119455898) -> 0.54877012 | X9: =IFERROR(__xludf.DUMMYFUNCTION("""COMPUTED_VALUE"""),2638811.10126) -> 2638811.1
A10: =IFERROR(__xludf.DUMMYFUNCTION("""COMPUTED_VALUE"""),45748.0) -> 45748 | B10: =IFERROR(__xludf.DUMMYFUNCTION("""COMPUTED_VALUE"""),5251104.0) -> 5251104 | C10: =IFERROR(__xludf.DUMMYFUNCTION("""COMPUTED_VALUE"""),"Cartoon Inversor 1") -> Cartoon Inversor 1 | D10: =IFERROR(__xludf.DUMMYFUNCTION("""COMPUTED_VALUE"""),0.27) -> 0.27 | E10: =IFERROR(__xludf.DUMMYFUNCTION("""COMPUTED_VALUE"""),10645.0) -> 10645 | F10: =IFERROR(__xludf.DUMMYFUNCTION("""COMPUTED_VALUE"""),1564.0) -> 1564 | G10: =IFERROR(__xludf.DUMMYFUNCTION("""COMPUTED_VALUE"""),649.0) -> 649 | H10: =IFERROR(__xludf.DUMMYFUNCTION("""COMPUTED_VALUE"""),8432.0) -> 8432 | I10: =IFERROR(__xludf.DUMMYFUNCTION("""COMPUTED_VALUE"""),"T6") -> T6 | J10: =IFERROR(__xludf.DUMMYFUNCTION("""COMPUTED_VALUE"""),183.2876) -> 183.2876 | K10: =IFERROR(__xludf.DUMMYFUNCTION("""COMPUTED_VALUE"""),180.8508) -> 180.8508 | L10: =IFERROR(__xludf.DUMMYFUNCTION("""COMPUTED_VALUE"""),181.9266) -> 181.9266 | M10: =IFERROR(__xludf.DUMMYFUNCTION("""COMPUTED_VALUE"""),1638.5) -> 1638.5 | N10: =IFERROR(__xludf.DUMMYFUNCTION("""COMPUTED_VALUE"""),12283.5) -> 12283.5 | O10: =IFERROR(__xludf.DUMMYFUNCTION("""COMPUTED_VALUE"""),1938039.0668000001) -> 1938039.1 | P10: =IFERROR(__xludf.DUMMYFUNCTION("""COMPUTED_VALUE"""),1140.0) -> 1140 | Q10: =IFERROR(__xludf.DUMMYFUNCTION("""COMPUTED_VALUE"""),261.4795913157895) -> 261.47959 | R10: =IFERROR(__xludf.DUMMYFUNCTION("""COMPUTED_VALUE"""),298086.7341) -> 298086.73 | S10: =IFERROR(__xludf.DUMMYFUNCTION("""COMPUTED_VALUE"""),1465.0) -> 1465 | T10: =IFERROR(__xludf.DUMMYFUNCTION("""COMPUTED_VALUE"""),486495.8536225921) -> 486495.85 | U10: =IFERROR(__xludf.DUMMYFUNCTION("""COMPUTED_VALUE"""),327.70000000000005) -> 327.7 | V10: =IFERROR(__xludf.DUMMYFUNCTION("""COMPUTED_VALUE"""),14.895454545454548) -> 14.895455 | W10: =IFERROR(__xludf.DUMMYFUNCTION("""COMPUTED_VALUE"""),0.13330499293913853) -> 0.13330499 | X10: =IFERROR(__xludf.DUMMYFUNCTION("""COMPUTED_VALUE"""),2236125.8009) -> 2236125.8

Sheet Cartoon Inversor 1 Trimestral 
A1: =Datos!A1 -> Fecha | B1: =Datos!B1 -> NIS | C1: =Datos!C1 -> Cliente | D1: =Datos!D1 -> IVA | E1: =Datos!E1 -> Consumo [kWh] | F1: =Datos!F1 -> Consumo hs punta [kWh] | G1: =Datos!G1 -> Consumo hs valle [kWh] | H1: =Datos!H1 -> Consumo hs resto[kWh] | ... X1: =Datos!X1 -> SIN PANELES S/IVA
A2: ='Cartoon Inversor 1'!A2 -> 45992 | B2: ='Cartoon Inversor 1'!B2 -> 5251104 | C2: ='Cartoon Inversor 1'!C2 -> Cartoon Inversor 1 | D2: ='Cartoon Inversor 1'!D2 -> 0.27 | E2: ='Cartoon Inversor 1'!E2 -> 12507 | F2: ='Cartoon Inversor 1'!F2 -> 1173 | G2: ='Cartoon Inversor 1'!G2 -> 215 | H2: ='Cartoon Inversor 1'!H2 -> 11119 | ... X2: ='Cartoon Inversor 1'!X2 -> 2962703
A3: ='Cartoon Inversor 1'!A3 -> 45987 | B3: ='Cartoon Inversor 1'!B3 -> 5251104 | C3: ='Cartoon Inversor 1'!C3 -> Cartoon Inversor 1 | D3: ='Cartoon Inversor 1'!D3 -> 0.27 | E3: ='Cartoon Inversor 1'!E3 -> 4612 | F3: ='Cartoon Inversor 1'!F3 -> 77 | G3: ='Cartoon Inversor 1'!G3 -> 108 | H3: ='Cartoon Inversor 1'!H3 -> 4427 | ... X3: ='Cartoon Inversor 1'!X3 -> 1453632.3
A4: ='Cartoon Inversor 1'!A4 -> 45931 | B4: ='Cartoon Inversor 1'!B4 -> 5251104 | C4: ='Cartoon Inversor 1'!C4 -> Cartoon Inversor 1 | D4: ='Cartoon Inversor 1'!D4 -> 0.27 | E4: ='Cartoon Inversor 1'!E4 -> 1872 | F4: ='Cartoon Inversor 1'!F4 -> 120 | G4: ='Cartoon Inversor 1'!G4 -> 180 | H4: ='Cartoon Inversor 1'!H4 -> 1572 | ... X4: ='Cartoon Inversor 1'!X4 -> 966596.65

Sheet MartÍn Lecuona 
A1: =Datos!A1 -> Fecha | B1: =Datos!B1 -> NIS | C1: =Datos!C1 -> Cliente | D1: =Datos!D1 -> IVA | E1: =Datos!E1 -> Consumo [kWh] | F1: =Datos!F1 -> Consumo hs punta [kWh] | G1: =Datos!G1 -> Consumo hs valle [kWh] | H1: =Datos!H1 -> Consumo hs resto[kWh] | ... X1: =Datos!X1 -> SIN PANELES S/IVA
A2: =IFERROR(__xludf.DUMMYFUNCTION("FILTER(Datos!1:1247,Datos!B:B=5076526)"),45994.0) -> 45994 | B2: =IFERROR(__xludf.DUMMYFUNCTION("""COMPUTED_VALUE"""),5076526.0) -> 5076526 | C2: =IFERROR(__xludf.DUMMYFUNCTION("""COMPUTED_VALUE"""),"Martin Lecuona ") -> Martin Lecuona | D2: =IFERROR(__xludf.DUMMYFUNCTION("""COMPUTED_VALUE"""),0.27) -> 0.27 | E2: =IFERROR(__xludf.DUMMYFUNCTION("""COMPUTED_VALUE"""),4410.0) -> 4410 | F2: =IFERROR(__xludf.DUMMYFUNCTION("""COMPUTED_VALUE"""),30.0) -> 30 | G2: =IFERROR(__xludf.DUMMYFUNCTION("""COMPUTED_VALUE"""),570.0) -> 570 | H2: =IFERROR(__xludf.DUMMYFUNCTION("""COMPUTED_VALUE"""),3810.0) -> 3810 | I2: =IFERROR(__xludf.DUMMYFUNCTION("""COMPUTED_VALUE"""),"T4-Ba") -> T4-Ba | J2: =IFERROR(__xludf.DUMMYFUNCTION("""COMPUTED_VALUE"""),152.0913) -> 152.0913 | K2: =IFERROR(__xludf.DUMMYFUNCTION("""COMPUTED_VALUE"""),153.7589) -> 153.7589 | L2: =IFERROR(__xludf.DUMMYFUNCTION("""COMPUTED_VALUE"""),154.5615) -> 154.5615
A3: =IFERROR(__xludf.DUMMYFUNCTION("""COMPUTED_VALUE"""),45968.0) -> 45968 | B3: =IFERROR(__xludf.DUMMYFUNCTION("""COMPUTED_VALUE"""),5076526.0) -> 5076526 | C3: =IFERROR(__xludf.DUMMYFUNCTION("""COMPUTED_VALUE"""),"Martín Lecuona ") -> Martín Lecuona | D3: =IFERROR(__xludf.DUMMYFUNCTION("""COMPUTED_VALUE"""),0.27) -> 0.27 | E3: =IFERROR(__xludf.DUMMYFUNCTION("""COMPUTED_VALUE"""),6180.0) -> 6180 | F3: =IFERROR(__xludf.DUMMYFUNCTION("""COMPUTED_VALUE"""),30.0) -> 30 | G3: =IFERROR(__xludf.DUMMYFUNCTION("""COMPUTED_VALUE"""),2130.0) -> 2130 | H3: =IFERROR(__xludf.DUMMYFUNCTION("""COMPUTED_VALUE"""),4020.0) -> 4020 | I3: =IFERROR(__xludf.DUMMYFUNCTION("""COMPUTED_VALUE"""),"T4-Ba") -> T4-Ba | J3: =IFERROR(__xludf.DUMMYFUNCTION("""COMPUTED_VALUE"""),152.0913) -> 152.0913 | K3: =IFERROR(__xludf.DUMMYFUNCTION("""COMPUTED_VALUE"""),149.3017) -> 149.3017 | L3: =IFERROR(__xludf.DUMMYFUNCTION("""COMPUTED_VALUE"""),150.1043) -> 150.1043 | M3: =IFERROR(__xludf.DUMMYFUNCTION("""COMPUTED_VALUE"""),1905.7) -> 1905.7 | N3: =IFERROR(__xludf.DUMMYFUNCTION("""COMPUTED_VALUE"""),1935.7) -> 1935.7 | O3: =IFERROR(__xludf.DUMMYFUNCTION("""COMPUTED_VALUE"""),1025984.841) -> 1025984.8 | P3: =IFERROR(__xludf.DUMMYFUNCTION("""COMPUTED_VALUE"""),1470.0) -> 1470 | Q3: =IFERROR(__xludf.DUMMYFUNCTION("""COMPUTED_VALUE"""),215.5349292789116) -> 215.53493 | R3: =IFERROR(__xludf.DUMMYFUNCTION("""COMPUTED_VALUE"""),316836.34604000003) -> 316836.35 | S3: =IFERROR(__xludf.DUMMYFUNCTION("""COMPUTED_VALUE"""),1465.0) -> 1465 | T3: =IFERROR(__xludf.DUMMYFUNCTION("""COMPUTED_VALUE"""),401013.51266987895) -> 401013.51 | U3: =IFERROR(__xludf.DUMMYFUNCTION("""COMPUTED_VALUE"""),381.14000000000004) -> 381.14 | V3: =IFERROR(__xludf.DUMMYFUNCTION("""COMPUTED_VALUE"""),17.324545454545458) -> 17.324545 | W3: =IFERROR(__xludf.DUMMYFUNCTION("""COMPUTED_VALUE"""),0.23594827747572772) -> 0.23594828 | X3: =IFERROR(__xludf.DUMMYFUNCTION("""COMPUTED_VALUE"""),1342821.18704) -> 1342821.2
A4: =IFERROR(__xludf.DUMMYFUNCTION("""COMPUTED_VALUE"""),45931.0) -> 45931 | B4: =IFERROR(__xludf.DUMMYFUNCTION("""COMPUTED_VALUE"""),5076526.0) -> 5076526 | C4: =IFERROR(__xludf.DUMMYFUNCTION("""COMPUTED_VALUE"""),"Martín Lecuona ") -> Martín Lecuona | D4: =IFERROR(__xludf.DUMMYFUNCTION("""COMPUTED_VALUE"""),0.27) -> 0.27 | E4: =IFERROR(__xludf.DUMMYFUNCTION("""COMPUTED_VALUE"""),8130.0) -> 8130 | F4: =IFERROR(__xludf.DUMMYFUNCTION("""COMPUTED_VALUE"""),30.0) -> 30 | G4: =IFERROR(__xludf.DUMMYFUNCTION("""COMPUTED_VALUE"""),2850.0) -> 2850 | H4: =IFERROR(__xludf.DUMMYFUNCTION("""COMPUTED_VALUE"""),5250.0) -> 5250 | I4: =IFERROR(__xludf.DUMMYFUNCTION("""COMPUTED_VALUE"""),"T4-Ba") -> T4-Ba | J4: =IFERROR(__xludf.DUMMYFUNCTION("""COMPUTED_VALUE"""),159.8077) -> 159.8077 | K4: =IFERROR(__xludf.DUMMYFUNCTION("""COMPUTED_VALUE"""),156.9735) -> 156.9735 | L4: =IFERROR(__xludf.DUMMYFUNCTION("""COMPUTED_VALUE"""),158.2241) -> 158.2241 | M4: =IFERROR(__xludf.DUMMYFUNCTION("""COMPUTED_VALUE"""),2660.3) -> 2660.3 | N4: =IFERROR(__xludf.DUMMYFUNCTION("""COMPUTED_VALUE"""),10790.3) -> 10790.3 | O4: =IFERROR(__xludf.DUMMYFUNCTION("""COMPUTED_VALUE"""),1282845.231) -> 1282845.2 | P4: =IFERROR(__xludf.DUMMYFUNCTION("""COMPUTED_VALUE"""),1450.0) -> 1450 | Q4: =IFERROR(__xludf.DUMMYFUNCTION("""COMPUTED_VALUE"""),290.29211946896555) -> 290.29212 | R4: =IFERROR(__xludf.DUMMYFUNCTION("""COMPUTED_VALUE"""),420923.57323000004) -> 420923.57 | S4: =IFERROR(__xludf.DUMMYFUNCTION("""COMPUTED_VALUE"""),1465.0) -> 1465 | T4: =IFERROR(__xludf.DUMMYFUNCTION("""COMPUTED_VALUE"""),540103.0028779838) -> 540103 | U4: =IFERROR(__xludf.DUMMYFUNCTION("""COMPUTED_VALUE"""),532.0600000000001) -> 532.06 | V4: =IFERROR(__xludf.DUMMYFUNCTION("""COMPUTED_VALUE"""),24.184545454545457) -> 24.184545 | W4: =IFERROR(__xludf.DUMMYFUNCTION("""COMPUTED_VALUE"""),0.24705439622145917) -> 0.2470544 | X4: =IFERROR(__xludf.DUMMYFUNCTION("""COMPUTED_VALUE"""),1703768.80423) -> 1703768.8
A5: =IFERROR(__xludf.DUMMYFUNCTION("""COMPUTED_VALUE"""),45907.0) -> 45907 | B5: =IFERROR(__xludf.DUMMYFUNCTION("""COMPUTED_VALUE"""),5076526.0) -> 5076526 | C5: =IFERROR(__xludf.DUMMYFUNCTION("""COMPUTED_VALUE"""),"Martín Lecuona ") -> Martín Lecuona | D5: =IFERROR(__xludf.DUMMYFUNCTION("""COMPUTED_VALUE"""),0.27) -> 0.27 | E5: =IFERROR(__xludf.DUMMYFUNCTION("""COMPUTED_VALUE"""),7140.0) -> 7140 | F5: =IFERROR(__xludf.DUMMYFUNCTION("""COMPUTED_VALUE"""),30.0) -> 30 | G5: =IFERROR(__xludf.DUMMYFUNCTION("""COMPUTED_VALUE"""),2340.0) -> 2340 | H5: =IFERROR(__xludf.DUMMYFUNCTION("""COMPUTED_VALUE"""),4770.0) -> 4770 | I5: =IFERROR(__xludf.DUMMYFUNCTION("""COMPUTED_VALUE"""),"T4-Ba") -> T4-Ba | J5: =IFERROR(__xludf.DUMMYFUNCTION("""COMPUTED_VALUE"""),159.1156) -> 159.1156 | K5: =IFERROR(__xludf.DUMMYFUNCTION("""COMPUTED_VALUE"""),156.2753) -> 156.2753 | L5: =IFERROR(__xludf.DUMMYFUNCTION("""COMPUTED_VALUE"""),157.5295) -> 157.5295 | M5: =IFERROR(__xludf.DUMMYFUNCTION("""COMPUTED_VALUE"""),1880.8) -> 1880.8 | N5: =IFERROR(__xludf.DUMMYFUNCTION("""COMPUTED_VALUE"""),9020.8) -> 9020.8 | O5: =IFERROR(__xludf.DUMMYFUNCTION("""COMPUTED_VALUE"""),1121873.385) -> 1121873.4 | P5: =IFERROR(__xludf.DUMMYFUNCTION("""COMPUTED_VALUE"""),1425.0) -> 1425 | Q5: =IFERROR(__xludf.DUMMYFUNCTION("""COMPUTED_VALUE"""),207.91683059649125) -> 207.91683 | R5: =IFERROR(__xludf.DUMMYFUNCTION("""COMPUTED_VALUE"""),296281.48360000004) -> 296281.48 | S5: =IFERROR(__xludf.DUMMYFUNCTION("""COMPUTED_VALUE"""),1465.0) -> 1465 | T5: =IFERROR(__xludf.DUMMYFUNCTION("""COMPUTED_VALUE"""),386839.6591663018) -> 386839.66 | U5: =IFERROR(__xludf.DUMMYFUNCTION("""COMPUTED_VALUE"""),376.16) -> 376.16 | V5: =IFERROR(__xludf.DUMMYFUNCTION("""COMPUTED_VALUE"""),17.098181818181818) -> 17.098182 | W5: =IFERROR(__xludf.DUMMYFUNCTION("""COMPUTED_VALUE"""),0.20892040083921762) -> 0.2089204 | X5: =IFERROR(__xludf.DUMMYFUNCTION("""COMPUTED_VALUE"""),1418154.8686000002) -> 1418154.9
A6: =IFERROR(__xludf.DUMMYFUNCTION("""COMPUTED_VALUE"""),45875.0) -> 45875 | B6: =IFERROR(__xludf.DUMMYFUNCTION("""COMPUTED_VALUE"""),5076526.0) -> 5076526 | C6: =IFERROR(__xludf.DUMMYFUNCTION("""COMPUTED_VALUE"""),"Martín Lecuona ") -> Martín Lecuona | D6: =IFERROR(__xludf.DUMMYFUNCTION("""COMPUTED_VALUE"""),0.27) -> 0.27 | E6: =IFERROR(__xludf.DUMMYFUNCTION("""COMPUTED_VALUE"""),90.0) -> 90 | F6: =IFERROR(__xludf.DUMMYFUNCTION("""COMPUTED_VALUE"""),30.0) -> 30 | G6: =IFERROR(__xludf.DUMMYFUNCTION("""COMPUTED_VALUE"""),30.0) -> 30 | H6: =IFERROR(__xludf.DUMMYFUNCTION("""COMPUTED_VALUE"""),30.0) -> 30 | I6: =IFERROR(__xludf.DUMMYFUNCTION("""COMPUTED_VALUE"""),"T4-Ba") -> T4-Ba | J6: =IFERROR(__xludf.DUMMYFUNCTION("""COMPUTED_VALUE"""),149.9317) -> 149.9317 | K6: =IFERROR(__xludf.DUMMYFUNCTION("""COMPUTED_VALUE"""),147.0841) -> 147.0841 | L6: =IFERROR(__xludf.DUMMYFUNCTION("""COMPUTED_VALUE"""),148.3408) -> 148.3408 | M6: =IFERROR(__xludf.DUMMYFUNCTION("""COMPUTED_VALUE"""),392.7) -> 392.7 | N6: =IFERROR(__xludf.DUMMYFUNCTION("""COMPUTED_VALUE"""),482.7) -> 482.7 | O6: =IFERROR(__xludf.DUMMYFUNCTION("""COMPUTED_VALUE"""),13360.698) -> 13360.698 | P6: =IFERROR(__xludf.DUMMYFUNCTION("""COMPUTED_VALUE"""),1340.0) -> 1340 | Q6: =IFERROR(__xludf.DUMMYFUNCTION("""COMPUTED_VALUE"""),43.47271056716418) -> 43.472711 | R6: =IFERROR(__xludf.DUMMYFUNCTION("""COMPUTED_VALUE"""),58253.43216) -> 58253.432 | S6: =IFERROR(__xludf.DUMMYFUNCTION("""COMPUTED_VALUE"""),1465.0) -> 1465 | T6: =IFERROR(__xludf.DUMMYFUNCTION("""COMPUTED_VALUE"""),80883.1516457373) -> 80883.152 | U6: =IFERROR(__xludf.DUMMYFUNCTION("""COMPUTED_VALUE"""),78.54) -> 78.54 | V6: =IFERROR(__xludf.DUMMYFUNCTION("""COMPUTED_VALUE"""),3.5700000000000003) -> 3.57 | W6: =IFERROR(__xludf.DUMMYFUNCTION("""COMPUTED_VALUE"""),0.8134348909893957) -> 0.81343489 | X6: =IFERROR(__xludf.DUMMYFUNCTION("""COMPUTED_VALUE"""),71614.13016) -> 71614.13
A7: =IFERROR(__xludf.DUMMYFUNCTION("""COMPUTED_VALUE"""),45843.0) -> 45843 | B7: =IFERROR(__xludf.DUMMYFUNCTION("""COMPUTED_VALUE"""),5076526.0) -> 5076526 | C7: =IFERROR(__xludf.DUMMYFUNCTION("""COMPUTED_VALUE"""),"Martín Lecuona ") -> Martín Lecuona | D7: =IFERROR(__xludf.DUMMYFUNCTION("""COMPUTED_VALUE"""),0.27) -> 0.27 | E7: =IFERROR(__xludf.DUMMYFUNCTION("""COMPUTED_VALUE"""),90.0) -> 90 | F7: =IFERROR(__xludf.DUMMYFUNCTION("""COMPUTED_VALUE"""),30.0) -> 30 | G7: =IFERROR(__xludf.DUMMYFUNCTION("""COMPUTED_VALUE"""),30.0) -> 30 | H7: =IFERROR(__xludf.DUMMYFUNCTION("""COMPUTED_VALUE"""),30.0) -> 30 | I7: =IFERROR(__xludf.DUMMYFUNCTION("""COMPUTED_VALUE"""),"T4-Ba") -> T4-Ba | J7: =IFERROR(__xludf.DUMMYFUNCTION("""COMPUTED_VALUE"""),149.9317) -> 149.9317 | K7: =IFERROR(__xludf.DUMMYFUNCTION("""COMPUTED_VALUE"""),147.0841) -> 147.0841 | L7: =IFERROR(__xludf.DUMMYFUNCTION("""COMPUTED_VALUE"""),148.3408) -> 148.3408 | M7: =IFERROR(__xludf.DUMMYFUNCTION("""COMPUTED_VALUE"""),364.0) -> 364 | N7: =IFERROR(__xludf.DUMMYFUNCTION("""COMPUTED_VALUE"""),454.0) -> 454 | O7: =IFERROR(__xludf.DUMMYFUNCTION("""COMPUTED_VALUE"""),13360.698) -> 13360.698 | P7: =IFERROR(__xludf.DUMMYFUNCTION("""COMPUTED_VALUE"""),1280.0) -> 1280 | Q7: =IFERROR(__xludf.DUMMYFUNCTION("""COMPUTED_VALUE"""),42.184415) -> 42.184415 | R7: =IFERROR(__xludf.DUMMYFUNCTION("""COMPUTED_VALUE"""),53996.0512) -> 53996.051 | S7: =IFERROR(__xludf.DUMMYFUNCTION("""COMPUTED_VALUE"""),1465.0) -> 1465 | T7: =IFERROR(__xludf.DUMMYFUNCTION("""COMPUTED_VALUE"""),78486.21332825) -> 78486.213 | U7: =IFERROR(__xludf.DUMMYFUNCTION("""COMPUTED_VALUE"""),72.8) -> 72.8 | V7: =IFERROR(__xludf.DUMMYFUNCTION("""COMPUTED_VALUE"""),3.309090909090909) -> 3.3090909 | W7: =IFERROR(__xludf.DUMMYFUNCTION("""COMPUTED_VALUE"""),0.801642772867073) -> 0.80164277 | X7: =IFERROR(__xludf.DUMMYFUNCTION("""COMPUTED_VALUE"""),67356.7492) -> 67356.749
A8: =IFERROR(__xludf.DUMMYFUNCTION("""COMPUTED_VALUE"""),45812.0) -> 45812 | B8: =IFERROR(__xludf.DUMMYFUNCTION("""COMPUTED_VALUE"""),5076526.0) -> 5076526 | C8: =IFERROR(__xludf.DUMMYFUNCTION("""COMPUTED_VALUE"""),"Martín Lecuona ") -> Martín Lecuona | D8: =IFERROR(__xludf.DUMMYFUNCTION("""COMPUTED_VALUE"""),0.27) -> 0.27 | E8: =IFERROR(__xludf.DUMMYFUNCTION("""COMPUTED_VALUE"""),120.0) -> 120 | F8: =IFERROR(__xludf.DUMMYFUNCTION("""COMPUTED_VALUE"""),30.0) -> 30 | G8: =IFERROR(__xludf.DUMMYFUNCTION("""COMPUTED_VALUE"""),30.0) -> 30 | H8: =IFERROR(__xludf.DUMMYFUNCTION("""COMPUTED_VALUE"""),60.0) -> 60 | I8: =IFERROR(__xludf.DUMMYFUNCTION("""COMPUTED_VALUE"""),"T4-Ba") -> T4-Ba | J8: =IFERROR(__xludf.DUMMYFUNCTION("""COMPUTED_VALUE"""),147.7231) -> 147.7231 | K8: =IFERROR(__xludf.DUMMYFUNCTION("""COMPUTED_VALUE"""),144.9122) -> 144.9122 | L8: =IFERROR(__xludf.DUMMYFUNCTION("""COMPUTED_VALUE"""),146.1531) -> 146.1531 | M8: =IFERROR(__xludf.DUMMYFUNCTION("""COMPUTED_VALUE"""),612.2) -> 612.2 | N8: =IFERROR(__xludf.DUMMYFUNCTION("""COMPUTED_VALUE"""),732.2) -> 732.2 | O8: =IFERROR(__xludf.DUMMYFUNCTION("""COMPUTED_VALUE"""),17548.245) -> 17548.245 | P8: =IFERROR(__xludf.DUMMYFUNCTION("""COMPUTED_VALUE"""),1280.0) -> 1280 | Q8: =IFERROR(__xludf.DUMMYFUNCTION("""COMPUTED_VALUE"""),69.902287359375) -> 69.902287 | R8: =IFERROR(__xludf.DUMMYFUNCTION("""COMPUTED_VALUE"""),89474.92782) -> 89474.928 | S8: =IFERROR(__xludf.DUMMYFUNCTION("""COMPUTED_VALUE"""),1465.0) -> 1465 | T8: =IFERROR(__xludf.DUMMYFUNCTION("""COMPUTED_VALUE"""),130056.70074648515) -> 130056.7 | U8: =IFERROR(__xludf.DUMMYFUNCTION("""COMPUTED_VALUE"""),122.44000000000001) -> 122.44 | V8: =IFERROR(__xludf.DUMMYFUNCTION("""COMPUTED_VALUE"""),5.565454545454546) -> 5.5654545 | W8: =IFERROR(__xludf.DUMMYFUNCTION("""COMPUTED_VALUE"""),0.8360332203053443) -> 0.83603322 | X8: =IFERROR(__xludf.DUMMYFUNCTION("""COMPUTED_VALUE"""),107023.17281999999) -> 107023.17
A9: =IFERROR(__xludf.DUMMYFUNCTION("""COMPUTED_VALUE"""),45780.0) -> 45780 | B9: =IFERROR(__xludf.DUMMYFUNCTION("""COMPUTED_VALUE"""),5076526.0) -> 5076526 | C9: =IFERROR(__xludf.DUMMYFUNCTION("""COMPUTED_VALUE"""),"Martín Lecuona ") -> Martín Lecuona | D9: =IFERROR(__xludf.DUMMYFUNCTION("""COMPUTED_VALUE"""),0.27) -> 0.27 | E9: =IFERROR(__xludf.DUMMYFUNCTION("""COMPUTED_VALUE"""),4770.0) -> 4770 | F9: =IFERROR(__xludf.DUMMYFUNCTION("""COMPUTED_VALUE"""),390.0) -> 390 | G9: =IFERROR(__xludf.DUMMYFUNCTION("""COMPUTED_VALUE"""),450.0) -> 450 | H9: =IFERROR(__xludf.DUMMYFUNCTION("""COMPUTED_VALUE"""),3930.0) -> 3930 | I9: =IFERROR(__xludf.DUMMYFUNCTION("""COMPUTED_VALUE"""),"T4-Ba") -> T4-Ba | J9: =IFERROR(__xludf.DUMMYFUNCTION("""COMPUTED_VALUE"""),145.3784) -> 145.3784 | K9: =IFERROR(__xludf.DUMMYFUNCTION("""COMPUTED_VALUE"""),142.6091) -> 142.6091 | L9: =IFERROR(__xludf.DUMMYFUNCTION("""COMPUTED_VALUE"""),143.8316) -> 143.8316 | M9: =IFERROR(__xludf.DUMMYFUNCTION("""COMPUTED_VALUE"""),481.0) -> 481 | N9: =IFERROR(__xludf.DUMMYFUNCTION("""COMPUTED_VALUE"""),5251.0) -> 5251 | O9: =IFERROR(__xludf.DUMMYFUNCTION("""COMPUTED_VALUE"""),686129.859) -> 686129.86 | P9: =IFERROR(__xludf.DUMMYFUNCTION("""COMPUTED_VALUE"""),1200.0) -> 1200 | Q9: =IFERROR(__xludf.DUMMYFUNCTION("""COMPUTED_VALUE"""),57.65249966666668) -> 57.6525 | R9: =IFERROR(__xludf.DUMMYFUNCTION("""COMPUTED_VALUE"""),69182.99960000001) -> 69183 | S9: =IFERROR(__xludf.DUMMYFUNCTION("""COMPUTED_VALUE"""),1465.0) -> 1465 | T9: =IFERROR(__xludf.DUMMYFUNCTION("""COMPUTED_VALUE"""),107265.3582548167) -> 107265.36 | U9: =IFERROR(__xludf.DUMMYFUNCTION("""COMPUTED_VALUE"""),96.2) -> 96.2 | V9: =IFERROR(__xludf.DUMMYFUNCTION("""COMPUTED_VALUE"""),4.372727272727273) -> 4.3727273 | W9: =IFERROR(__xludf.DUMMYFUNCTION("""COMPUTED_VALUE"""),0.09159515664572854) -> 0.091595157 | X9: =IFERROR(__xludf.DUMMYFUNCTION("""COMPUTED_VALUE"""),755312.8586) -> 755312.86

Sheet Martín Lecuona Trimestral 
A1: =Datos!A1 -> Fecha | B1: =Datos!B1 -> NIS | C1: =Datos!C1 -> Cliente | D1: =Datos!D1 -> IVA | E1: =Datos!E1 -> Consumo [kWh] | F1: =Datos!F1 -> Consumo hs punta [kWh] | G1: =Datos!G1 -> Consumo hs valle [kWh] | H1: =Datos!H1 -> Consumo hs resto[kWh] | ... X1: =Datos!X1 -> SIN PANELES S/IVA
A2: ='MartÍn Lecuona '!A2 -> 45994 | B2: ='MartÍn Lecuona '!B2 -> 5076526 | C2: ='MartÍn Lecuona '!C2 -> Martin Lecuona | D2: ='MartÍn Lecuona '!D2 -> 0.27 | E2: ='MartÍn Lecuona '!E2 -> 4410 | F2: ='MartÍn Lecuona '!F2 -> 30 | G2: ='MartÍn Lecuona '!G2 -> 570 | H2: ='MartÍn Lecuona '!H2 -> 3810 | ... X2: ='MartÍn Lecuona '!X2
A3: ='MartÍn Lecuona '!A3 -> 45968 | B3: ='MartÍn Lecuona '!B3 -> 5076526 | C3: ='MartÍn Lecuona '!C3 -> Martín Lecuona | D3: ='MartÍn Lecuona '!D3 -> 0.27 | E3: ='MartÍn Lecuona '!E3 -> 6180 | F3: ='MartÍn Lecuona '!F3 -> 30 | G3: ='MartÍn Lecuona '!G3 -> 2130 | H3: ='MartÍn Lecuona '!H3 -> 4020 | ... X3: ='MartÍn Lecuona '!X3 -> 1342821.2
A4: ='MartÍn Lecuona '!A4 -> 45931 | B4: ='MartÍn Lecuona '!B4 -> 5076526 | C4: ='MartÍn Lecuona '!C4 -> Martín Lecuona | D4: ='MartÍn Lecuona '!D4 -> 0.27 | E4: ='MartÍn Lecuona '!E4 -> 8130 | F4: ='MartÍn Lecuona '!F4 -> 30 | G4: ='MartÍn Lecuona '!G4 -> 2850 | H4: ='MartÍn Lecuona '!H4 -> 5250 | ... X4: ='MartÍn Lecuona '!X4 -> 1703768.8

Sheet Tambo Martorel 
A1: =Datos!A1 -> Fecha | B1: =Datos!B1 -> NIS | C1: =Datos!C1 -> Cliente | D1: =Datos!D1 -> IVA | E1: =Datos!E1 -> Consumo [kWh] | F1: =Datos!F1 -> Consumo hs punta [kWh] | G1: =Datos!G1 -> Consumo hs valle [kWh] | H1: =Datos!H1 -> Consumo hs resto[kWh] | ... X1: =Datos!X1 -> SIN PANELES S/IVA | Y1: =Datos!Z1 | Z1: =Datos!AA1
A2: =IFERROR(__xludf.DUMMYFUNCTION("FILTER(Datos!1:1247,Datos!B:B=5213946)"),45992.0) -> 45992 | B2: =IFERROR(__xludf.DUMMYFUNCTION("""COMPUTED_VALUE"""),5213946.0) -> 5213946 | C2: =IFERROR(__xludf.DUMMYFUNCTION("""COMPUTED_VALUE"""),"Tambo Martorell") -> Tambo Martorell | D2: =IFERROR(__xludf.DUMMYFUNCTION("""COMPUTED_VALUE"""),0.27) -> 0.27 | E2: =IFERROR(__xludf.DUMMYFUNCTION("""COMPUTED_VALUE"""),6604.0) -> 6604 | F2: =IFERROR(__xludf.DUMMYFUNCTION("""COMPUTED_VALUE"""),2584.0) -> 2584 | G2: =IFERROR(__xludf.DUMMYFUNCTION("""COMPUTED_VALUE"""),869.0) -> 869 | H2: =IFERROR(__xludf.DUMMYFUNCTION("""COMPUTED_VALUE"""),3151.0) -> 3151 | I2: =IFERROR(__xludf.DUMMYFUNCTION("""COMPUTED_VALUE"""),"T6-Me") -> T6-Me | J2: =IFERROR(__xludf.DUMMYFUNCTION("""COMPUTED_VALUE"""),174.6648) -> 174.6648 | K2: =IFERROR(__xludf.DUMMYFUNCTION("""COMPUTED_VALUE"""),172.155) -> 172.155 | L2: =IFERROR(__xludf.DUMMYFUNCTION("""COMPUTED_VALUE"""),172.8771) -> 172.8771 | M2: =IFERROR(__xludf.DUMMYFUNCTION("""COMPUTED_VALUE"""),1179.2) -> 1179.2 | N2: =IFERROR(__xludf.DUMMYFUNCTION("""COMPUTED_VALUE"""),7783.2) -> 7783.2 | O2: =IFERROR(__xludf.DUMMYFUNCTION("""COMPUTED_VALUE"""),1145672.2803000002) -> 1145672.3 | P2: =IFERROR(__xludf.DUMMYFUNCTION("""COMPUTED_VALUE"""),1470.0) -> 1470 | Q2: =IFERROR(__xludf.DUMMYFUNCTION("""COMPUTED_VALUE"""),138.67801110204084) -> 138.67801 | R2: =IFERROR(__xludf.DUMMYFUNCTION("""COMPUTED_VALUE"""),203856.67632000003) -> 203856.68 | S2: =IFERROR(__xludf.DUMMYFUNCTION("""COMPUTED_VALUE"""),1465.0) -> 1465 | T2: =IFERROR(__xludf.DUMMYFUNCTION("""COMPUTED_VALUE"""),258017.3735559021) -> 258017.37 | U2: =IFERROR(__xludf.DUMMYFUNCTION("""COMPUTED_VALUE"""),235.84000000000003) -> 235.84 | V2: =IFERROR(__xludf.DUMMYFUNCTION("""COMPUTED_VALUE"""),10.72) -> 10.72 | W2: =IFERROR(__xludf.DUMMYFUNCTION("""COMPUTED_VALUE"""),0.15105765261278636) -> 0.15105765 | X2: =IFERROR(__xludf.DUMMYFUNCTION("""COMPUTED_VALUE"""),1349528.9566200003) -> 1349529
A3: =IFERROR(__xludf.DUMMYFUNCTION("""COMPUTED_VALUE"""),45969.0) -> 45969 | B3: =IFERROR(__xludf.DUMMYFUNCTION("""COMPUTED_VALUE"""),5213946.0) -> 5213946 | C3: =IFERROR(__xludf.DUMMYFUNCTION("""COMPUTED_VALUE"""),"Tambo Martorell") -> Tambo Martorell | D3: =IFERROR(__xludf.DUMMYFUNCTION("""COMPUTED_VALUE"""),0.27) -> 0.27 | E3: =IFERROR(__xludf.DUMMYFUNCTION("""COMPUTED_VALUE"""),5951.0) -> 5951 | F3: =IFERROR(__xludf.DUMMYFUNCTION("""COMPUTED_VALUE"""),2497.0) -> 2497 | G3: =IFERROR(__xludf.DUMMYFUNCTION("""COMPUTED_VALUE"""),732.0) -> 732 | H3: =IFERROR(__xludf.DUMMYFUNCTION("""COMPUTED_VALUE"""),2722.0) -> 2722 | I3: =IFERROR(__xludf.DUMMYFUNCTION("""COMPUTED_VALUE"""),"T6-Me") -> T6-Me | J3: =IFERROR(__xludf.DUMMYFUNCTION("""COMPUTED_VALUE"""),168.0449) -> 168.0449 | K3: =IFERROR(__xludf.DUMMYFUNCTION("""COMPUTED_VALUE"""),165.535) -> 165.535 | L3: =IFERROR(__xludf.DUMMYFUNCTION("""COMPUTED_VALUE"""),166.2572) -> 166.2572 | M3: =IFERROR(__xludf.DUMMYFUNCTION("""COMPUTED_VALUE"""),1195.1) -> 1195.1 | N3: =IFERROR(__xludf.DUMMYFUNCTION("""COMPUTED_VALUE"""),7146.1) -> 7146.1 | O3: =IFERROR(__xludf.DUMMYFUNCTION("""COMPUTED_VALUE"""),993331.8337000001) -> 993331.83 | P3: =IFERROR(__xludf.DUMMYFUNCTION("""COMPUTED_VALUE"""),1470.0) -> 1470 | Q3: =IFERROR(__xludf.DUMMYFUNCTION("""COMPUTED_VALUE"""),135.16597259863946) -> 135.16597 | R3: =IFERROR(__xludf.DUMMYFUNCTION("""COMPUTED_VALUE"""),198693.97972) -> 198693.98 | S3: =IFERROR(__xludf.DUMMYFUNCTION("""COMPUTED_VALUE"""),1465.0) -> 1465 | T3: =IFERROR(__xludf.DUMMYFUNCTION("""COMPUTED_VALUE"""),251483.05031839863) -> 251483.05 | U3: =IFERROR(__xludf.DUMMYFUNCTION("""COMPUTED_VALUE"""),239.01999999999998) -> 239.02 | V3: =IFERROR(__xludf.DUMMYFUNCTION("""COMPUTED_VALUE"""),10.864545454545453) -> 10.864545 | W3: =IFERROR(__xludf.DUMMYFUNCTION("""COMPUTED_VALUE"""),0.16668597062502696) -> 0.16668597 | X3: =IFERROR(__xludf.DUMMYFUNCTION("""COMPUTED_VALUE"""),1192025.81342) -> 1192025.8
A4: =IFERROR(__xludf.DUMMYFUNCTION("""COMPUTED_VALUE"""),45931.0) -> 45931 | B4: =IFERROR(__xludf.DUMMYFUNCTION("""COMPUTED_VALUE"""),5213946.0) -> 5213946 | C4: =IFERROR(__xludf.DUMMYFUNCTION("""COMPUTED_VALUE"""),"Tambo Martorell") -> Tambo Martorell | D4: =IFERROR(__xludf.DUMMYFUNCTION("""COMPUTED_VALUE"""),0.27) -> 0.27 | E4: =IFERROR(__xludf.DUMMYFUNCTION("""COMPUTED_VALUE"""),6293.0) -> 6293 | F4: =IFERROR(__xludf.DUMMYFUNCTION("""COMPUTED_VALUE"""),2683.0) -> 2683 | G4: =IFERROR(__xludf.DUMMYFUNCTION("""COMPUTED_VALUE"""),679.0) -> 679 | H4: =IFERROR(__xludf.DUMMYFUNCTION("""COMPUTED_VALUE"""),2931.0) -> 2931 | I4: =IFERROR(__xludf.DUMMYFUNCTION("""COMPUTED_VALUE"""),"T6-Me") -> T6-Me | J4: =IFERROR(__xludf.DUMMYFUNCTION("""COMPUTED_VALUE"""),191.9806) -> 191.9806 | K4: =IFERROR(__xludf.DUMMYFUNCTION("""COMPUTED_VALUE"""),189.4307) -> 189.4307 | L4: =IFERROR(__xludf.DUMMYFUNCTION("""COMPUTED_VALUE"""),190.5558) -> 190.5558 | M4: =IFERROR(__xludf.DUMMYFUNCTION("""COMPUTED_VALUE"""),1129.0) -> 1129 | N4: =IFERROR(__xludf.DUMMYFUNCTION("""COMPUTED_VALUE"""),7422.0) -> 7422 | O4: =IFERROR(__xludf.DUMMYFUNCTION("""COMPUTED_VALUE"""),1202226.4449) -> 1202226.4 | P4: =IFERROR(__xludf.DUMMYFUNCTION("""COMPUTED_VALUE"""),1450.0) -> 1450 | Q4: =IFERROR(__xludf.DUMMYFUNCTION("""COMPUTED_VALUE"""),148.37068841379312) -> 148.37069 | R4: =IFERROR(__xludf.DUMMYFUNCTION("""COMPUTED_VALUE"""),215137.49820000003) -> 215137.5 | S4: =IFERROR(__xludf.DUMMYFUNCTION("""COMPUTED_VALUE"""),1465.0) -> 1465 | T4: =IFERROR(__xludf.DUMMYFUNCTION("""COMPUTED_VALUE"""),276051.0843282828) -> 276051.08 | U4: =IFERROR(__xludf.DUMMYFUNCTION("""COMPUTED_VALUE"""),225.8) -> 225.8 | V4: =IFERROR(__xludf.DUMMYFUNCTION("""COMPUTED_VALUE"""),10.263636363636364) -> 10.263636 | W4: =IFERROR(__xludf.DUMMYFUNCTION("""COMPUTED_VALUE"""),0.15178705458631897) -> 0.15178705 | X4: =IFERROR(__xludf.DUMMYFUNCTION("""COMPUTED_VALUE"""),1417363.9431) -> 1417363.9
A5: =IFERROR(__xludf.DUMMYFUNCTION("""COMPUTED_VALUE"""),45908.0) -> 45908 | B5: =IFERROR(__xludf.DUMMYFUNCTION("""COMPUTED_VALUE"""),5213946.0) -> 5213946 | C5: =IFERROR(__xludf.DUMMYFUNCTION("""COMPUTED_VALUE"""),"Tambo Martorell") -> Tambo Martorell | D5: =IFERROR(__xludf.DUMMYFUNCTION("""COMPUTED_VALUE"""),0.27) -> 0.27 | E5: =IFERROR(__xludf.DUMMYFUNCTION("""COMPUTED_VALUE"""),6004.0) -> 6004 | F5: =IFERROR(__xludf.DUMMYFUNCTION("""COMPUTED_VALUE"""),2590.0) -> 2590 | G5: =IFERROR(__xludf.DUMMYFUNCTION("""COMPUTED_VALUE"""),589.0) -> 589 | H5: =IFERROR(__xludf.DUMMYFUNCTION("""COMPUTED_VALUE"""),2825.0) -> 2825 | I5: =IFERROR(__xludf.DUMMYFUNCTION("""COMPUTED_VALUE"""),"T6-Me") -> T6-Me | J5: =IFERROR(__xludf.DUMMYFUNCTION("""COMPUTED_VALUE"""),193.8383) -> 193.8383 | K5: =IFERROR(__xludf.DUMMYFUNCTION("""COMPUTED_VALUE"""),191.2829) -> 191.2829 | L5: =IFERROR(__xludf.DUMMYFUNCTION("""COMPUTED_VALUE"""),192.4113) -> 192.4113 | M5: =IFERROR(__xludf.DUMMYFUNCTION("""COMPUTED_VALUE"""),1010.3) -> 1010.3 | N5: =IFERROR(__xludf.DUMMYFUNCTION("""COMPUTED_VALUE"""),7014.3) -> 7014.3 | O5: =IFERROR(__xludf.DUMMYFUNCTION("""COMPUTED_VALUE"""),1158268.7476) -> 1158268.7 | P5: =IFERROR(__xludf.DUMMYFUNCTION("""COMPUTED_VALUE"""),1425.0) -> 1425 | Q5: =IFERROR(__xludf.DUMMYFUNCTION("""COMPUTED_VALUE"""),136.4162360631579) -> 136.41624 | R5: =IFERROR(__xludf.DUMMYFUNCTION("""COMPUTED_VALUE"""),194393.13639) -> 194393.14 | S5: =IFERROR(__xludf.DUMMYFUNCTION("""COMPUTED_VALUE"""),1465.0) -> 1465 | T5: =IFERROR(__xludf.DUMMYFUNCTION("""COMPUTED_VALUE"""),253809.2280073084) -> 253809.23 | U5: =IFERROR(__xludf.DUMMYFUNCTION("""COMPUTED_VALUE"""),202.06) -> 202.06 | V5: =IFERROR(__xludf.DUMMYFUNCTION("""COMPUTED_VALUE"""),9.184545454545455) -> 9.1845455 | W5: =IFERROR(__xludf.DUMMYFUNCTION("""COMPUTED_VALUE"""),0.14371155030745075) -> 0.14371155 | X5: =IFERROR(__xludf.DUMMYFUNCTION("""COMPUTED_VALUE"""),1352661.88399) -> 1352661.9
A6: =IFERROR(__xludf.DUMMYFUNCTION("""COMPUTED_VALUE"""),45876.0) -> 45876 | B6: =IFERROR(__xludf.DUMMYFUNCTION("""COMPUTED_VALUE"""),5213946.0) -> 5213946 | C6: =IFERROR(__xludf.DUMMYFUNCTION("""COMPUTED_VALUE"""),"Tambo Martorell") -> Tambo Martorell | D6: =IFERROR(__xludf.DUMMYFUNCTION("""COMPUTED_VALUE"""),0.27) -> 0.27 | E6: =IFERROR(__xludf.DUMMYFUNCTION("""COMPUTED_VALUE"""),5933.0) -> 5933 | F6: =IFERROR(__xludf.DUMMYFUNCTION("""COMPUTED_VALUE"""),2550.0) -> 2550 | G6: =IFERROR(__xludf.DUMMYFUNCTION("""COMPUTED_VALUE"""),659.0) -> 659 | H6: =IFERROR(__xludf.DUMMYFUNCTION("""COMPUTED_VALUE"""),2724.0) -> 2724 | I6: =IFERROR(__xludf.DUMMYFUNCTION("""COMPUTED_VALUE"""),"T6-Me") -> T6-Me | J6: =IFERROR(__xludf.DUMMYFUNCTION("""COMPUTED_VALUE"""),194.1304) -> 194.1304 | K6: =IFERROR(__xludf.DUMMYFUNCTION("""COMPUTED_VALUE"""),191.5662) -> 191.5662 | L6: =IFERROR(__xludf.DUMMYFUNCTION("""COMPUTED_VALUE"""),192.6979) -> 192.6979 | M6: =IFERROR(__xludf.DUMMYFUNCTION("""COMPUTED_VALUE"""),1211.8) -> 1211.8 | N6: =IFERROR(__xludf.DUMMYFUNCTION("""COMPUTED_VALUE"""),7144.8) -> 7144.8 | O6: =IFERROR(__xludf.DUMMYFUNCTION("""COMPUTED_VALUE"""),1146183.7254) -> 1146183.7 | P6: =IFERROR(__xludf.DUMMYFUNCTION("""COMPUTED_VALUE"""),1340.0) -> 1340 | Q6: =IFERROR(__xludf.DUMMYFUNCTION("""COMPUTED_VALUE"""),174.26217553731342) -> 174.26218 | R6: =IFERROR(__xludf.DUMMYFUNCTION("""COMPUTED_VALUE"""),233511.31522) -> 233511.32 | S6: =IFERROR(__xludf.DUMMYFUNCTION("""COMPUTED_VALUE"""),1465.0) -> 1465 | T6: =IFERROR(__xludf.DUMMYFUNCTION("""COMPUTED_VALUE"""),324223.4906959485) -> 324223.49 | U6: =IFERROR(__xludf.DUMMYFUNCTION("""COMPUTED_VALUE"""),242.36) -> 242.36 | V6: =IFERROR(__xludf.DUMMYFUNCTION("""COMPUTED_VALUE"""),11.016363636363637) -> 11.016364 | W6: =IFERROR(__xludf.DUMMYFUNCTION("""COMPUTED_VALUE"""),0.16924849937495312) -> 0.1692485 | X6: =IFERROR(__xludf.DUMMYFUNCTION("""COMPUTED_VALUE"""),1379695.04062) -> 1379695
A7: =IFERROR(__xludf.DUMMYFUNCTION("""COMPUTED_VALUE"""),45839.0) -> 45839 | B7: =IFERROR(__xludf.DUMMYFUNCTION("""COMPUTED_VALUE"""),5213946.0) -> 5213946 | C7: =IFERROR(__xludf.DUMMYFUNCTION("""COMPUTED_VALUE"""),"Tambo Martorell") -> Tambo Martorell | D7: =IFERROR(__xludf.DUMMYFUNCTION("""COMPUTED_VALUE"""),0.27) -> 0.27 | E7: =IFERROR(__xludf.DUMMYFUNCTION("""COMPUTED_VALUE"""),5561.0) -> 5561 | F7: =IFERROR(__xludf.DUMMYFUNCTION("""COMPUTED_VALUE"""),2482.0) -> 2482 | G7: =IFERROR(__xludf.DUMMYFUNCTION("""COMPUTED_VALUE"""),575.0) -> 575 | H7: =IFERROR(__xludf.DUMMYFUNCTION("""COMPUTED_VALUE"""),2504.0) -> 2504 | I7: =IFERROR(__xludf.DUMMYFUNCTION("""COMPUTED_VALUE"""),"T6-Me") -> T6-Me | J7: =IFERROR(__xludf.DUMMYFUNCTION("""COMPUTED_VALUE"""),185.8715) -> 185.8715 | K7: =IFERROR(__xludf.DUMMYFUNCTION("""COMPUTED_VALUE"""),183.3095) -> 183.3095 | L7: =IFERROR(__xludf.DUMMYFUNCTION("""COMPUTED_VALUE"""),184.4402) -> 184.4402 | M7: =IFERROR(__xludf.DUMMYFUNCTION("""COMPUTED_VALUE"""),1305.4) -> 1305.4 | N7: =IFERROR(__xludf.DUMMYFUNCTION("""COMPUTED_VALUE"""),6866.4) -> 6866.4 | O7: =IFERROR(__xludf.DUMMYFUNCTION("""COMPUTED_VALUE"""),1028574.2863) -> 1028574.3 | P7: =IFERROR(__xludf.DUMMYFUNCTION("""COMPUTED_VALUE"""),1280.0) -> 1280 | Q7: =IFERROR(__xludf.DUMMYFUNCTION("""COMPUTED_VALUE"""),188.10018521875003) -> 188.10019 | R7: =IFERROR(__xludf.DUMMYFUNCTION("""COMPUTED_VALUE"""),240768.23708000005) -> 240768.24 | S7: =IFERROR(__xludf.DUMMYFUNCTION("""COMPUTED_VALUE"""),1465.0) -> 1465 | T7: =IFERROR(__xludf.DUMMYFUNCTION("""COMPUTED_VALUE"""),349969.7996087453) -> 349969.8 | U7: =IFERROR(__xludf.DUMMYFUNCTION("""COMPUTED_VALUE"""),261.08000000000004) -> 261.08 | V7: =IFERROR(__xludf.DUMMYFUNCTION("""COMPUTED_VALUE"""),11.867272727272729) -> 11.867273 | W7: =IFERROR(__xludf.DUMMYFUNCTION("""COMPUTED_VALUE"""),0.1896794857536824) -> 0.18967949 | X7: =IFERROR(__xludf.DUMMYFUNCTION("""COMPUTED_VALUE"""),1269342.5233800001) -> 1269342.5
A8: =IFERROR(__xludf.DUMMYFUNCTION("""COMPUTED_VALUE"""),45809.0) -> 45809 | B8: =IFERROR(__xludf.DUMMYFUNCTION("""COMPUTED_VALUE"""),5213946.0) -> 5213946 | C8: =IFERROR(__xludf.DUMMYFUNCTION("""COMPUTED_VALUE"""),"Tambo Martorell") -> Tambo Martorell | D8: =IFERROR(__xludf.DUMMYFUNCTION("""COMPUTED_VALUE"""),0.27) -> 0.27 | E8: =IFERROR(__xludf.DUMMYFUNCTION("""COMPUTED_VALUE"""),6870.0) -> 6870 | F8: =IFERROR(__xludf.DUMMYFUNCTION("""COMPUTED_VALUE"""),1686.0) -> 1686 | G8: =IFERROR(__xludf.DUMMYFUNCTION("""COMPUTED_VALUE"""),906.0) -> 906 | H8: =IFERROR(__xludf.DUMMYFUNCTION("""COMPUTED_VALUE"""),4278.0) -> 4278 | I8: =IFERROR(__xludf.DUMMYFUNCTION("""COMPUTED_VALUE"""),"T6-Me") -> T6-Me | J8: =IFERROR(__xludf.DUMMYFUNCTION("""COMPUTED_VALUE"""),185.9218) -> 185.9218 | K8: =IFERROR(__xludf.DUMMYFUNCTION("""COMPUTED_VALUE"""),183.3928) -> 183.3928 | L8: =IFERROR(__xludf.DUMMYFUNCTION("""COMPUTED_VALUE"""),184.5092) -> 184.5092 | M8: =IFERROR(__xludf.DUMMYFUNCTION("""COMPUTED_VALUE"""),837.7) -> 837.7 | N8: =IFERROR(__xludf.DUMMYFUNCTION("""COMPUTED_VALUE"""),7707.7) -> 7707.7 | O8: =IFERROR(__xludf.DUMMYFUNCTION("""COMPUTED_VALUE"""),1268948.3892) -> 1268948.4 | P8: =IFERROR(__xludf.DUMMYFUNCTION("""COMPUTED_VALUE"""),1280.0) -> 1280 | Q8: =IFERROR(__xludf.DUMMYFUNCTION("""COMPUTED_VALUE"""),120.75262253125) -> 120.75262 | R8: =IFERROR(__xludf.DUMMYFUNCTION("""COMPUTED_VALUE"""),154563.35684) -> 154563.36 | S8: =IFERROR(__xludf.DUMMYFUNCTION("""COMPUTED_VALUE"""),1465.0) -> 1465 | T8: =IFERROR(__xludf.DUMMYFUNCTION("""COMPUTED_VALUE"""),224666.29185051718) -> 224666.29 | U8: =IFERROR(__xludf.DUMMYFUNCTION("""COMPUTED_VALUE"""),167.54000000000002) -> 167.54 | V8: =IFERROR(__xludf.DUMMYFUNCTION("""COMPUTED_VALUE"""),7.615454545454546) -> 7.6154545 | W8: =IFERROR(__xludf.DUMMYFUNCTION("""COMPUTED_VALUE"""),0.10857891216561612) -> 0.10857891 | X8: =IFERROR(__xludf.DUMMYFUNCTION("""COMPUTED_VALUE"""),1423511.74604) -> 1423511.7
A9: =IFERROR(__xludf.DUMMYFUNCTION("""COMPUTED_VALUE"""),45779.0) -> 45779 | B9: =IFERROR(__xludf.DUMMYFUNCTION("""COMPUTED_VALUE"""),5213946.0) -> 5213946 | C9: =IFERROR(__xludf.DUMMYFUNCTION("""COMPUTED_VALUE"""),"Tambo Martorell") -> Tambo Martorell | D9: =IFERROR(__xludf.DUMMYFUNCTION("""COMPUTED_VALUE"""),0.27) -> 0.27 | E9: =IFERROR(__xludf.DUMMYFUNCTION("""COMPUTED_VALUE"""),7527.0) -> 7527 | F9: =IFERROR(__xludf.DUMMYFUNCTION("""COMPUTED_VALUE"""),1777.0) -> 1777 | G9: =IFERROR(__xludf.DUMMYFUNCTION("""COMPUTED_VALUE"""),871.0) -> 871 | H9: =IFERROR(__xludf.DUMMYFUNCTION("""COMPUTED_VALUE"""),4879.0) -> 4879 | I9: =IFERROR(__xludf.DUMMYFUNCTION("""COMPUTED_VALUE"""),"T6-Me") -> T6-Me | J9: =IFERROR(__xludf.DUMMYFUNCTION("""COMPUTED_VALUE"""),185.5394) -> 185.5394 | K9: =IFERROR(__xludf.DUMMYFUNCTION("""COMPUTED_VALUE"""),183.0479) -> 183.0479 | L9: =IFERROR(__xludf.DUMMYFUNCTION("""COMPUTED_VALUE"""),184.1477) -> 184.1477 | M9: =IFERROR(__xludf.DUMMYFUNCTION("""COMPUTED_VALUE"""),837.7) -> 837.7 | N9: =IFERROR(__xludf.DUMMYFUNCTION("""COMPUTED_VALUE"""),8364.7) -> 8364.7 | O9: =IFERROR(__xludf.DUMMYFUNCTION("""COMPUTED_VALUE"""),1387594.863) -> 1387594.9 | P9: =IFERROR(__xludf.DUMMYFUNCTION("""COMPUTED_VALUE"""),1200.0) -> 1200 | Q9: =IFERROR(__xludf.DUMMYFUNCTION("""COMPUTED_VALUE"""),128.55044024166665) -> 128.55044 | R9: =IFERROR(__xludf.DUMMYFUNCTION("""COMPUTED_VALUE"""),154260.52829) -> 154260.53 | S9: =IFERROR(__xludf.DUMMYFUNCTION("""COMPUTED_VALUE"""),1465.0) -> 1465 | T9: =IFERROR(__xludf.DUMMYFUNCTION("""COMPUTED_VALUE"""),239174.5215916329) -> 239174.52 | U9: =IFERROR(__xludf.DUMMYFUNCTION("""COMPUTED_VALUE"""),167.54000000000002) -> 167.54 | V9: =IFERROR(__xludf.DUMMYFUNCTION("""COMPUTED_VALUE"""),7.615454545454546) -> 7.6154545 | W9: =IFERROR(__xludf.DUMMYFUNCTION("""COMPUTED_VALUE"""),0.10004863566416383) -> 0.10004864 | X9: =IFERROR(__xludf.DUMMYFUNCTION("""COMPUTED_VALUE"""),1541855.39129) -> 1541855.4

Sheet Tambo Martorel Trimestral 
A1: =Datos!A1 -> Fecha | B1: =Datos!B1 -> NIS | C1: =Datos!C1 -> Cliente | D1: =Datos!D1 -> IVA | E1: =Datos!E1 -> Consumo [kWh] | F1: =Datos!F1 -> Consumo hs punta [kWh] | G1: =Datos!G1 -> Consumo hs valle [kWh] | H1: =Datos!H1 -> Consumo hs resto[kWh] | ... X1: =Datos!X1 -> SIN PANELES S/IVA | Y1: =Datos!Z1 | Z1: =Datos!AA1
A2: ='Tambo Martorel '!A2 -> 45992 | B2: ='Tambo Martorel '!B2 -> 5213946 | C2: ='Tambo Martorel '!C2 -> Tambo Martorell | D2: ='Tambo Martorel '!D2 -> 0.27 | E2: ='Tambo Martorel '!E2 -> 6604 | F2: ='Tambo Martorel '!F2 -> 2584 | G2: ='Tambo Martorel '!G2 -> 869 | H2: ='Tambo Martorel '!H2 -> 3151 | ... X2: ='Tambo Martorel '!X2 -> 1349529
A3: ='Tambo Martorel '!A3 -> 45969 | B3: ='Tambo Martorel '!B3 -> 5213946 | C3: ='Tambo Martorel '!C3 -> Tambo Martorell | D3: ='Tambo Martorel '!D3 -> 0.27 | E3: ='Tambo Martorel '!E3 -> 5951 | F3: ='Tambo Martorel '!F3 -> 2497 | G3: ='Tambo Martorel '!G3 -> 732 | H3: ='Tambo Martorel '!H3 -> 2722 | ... X3: ='Tambo Martorel '!X3 -> 1192025.8
A4: ='Tambo Martorel '!A4 -> 45931 | B4: ='Tambo Martorel '!B4 -> 5213946 | C4: ='Tambo Martorel '!C4 -> Tambo Martorell | D4: ='Tambo Martorel '!D4 -> 0.27 | E4: ='Tambo Martorel '!E4 -> 6293 | F4: ='Tambo Martorel '!F4 -> 2683 | G4: ='Tambo Martorel '!G4 -> 679 | H4: ='Tambo Martorel '!H4 -> 2931 | ... X4: ='Tambo Martorel '!X4 -> 1417363.9

Sheet Imac-RdelL
A1: =Datos!A1 -> Fecha | B1: =Datos!B1 -> NIS | C1: =Datos!C1 -> Cliente | D1: =Datos!D1 -> IVA | E1: =Datos!E1 -> Consumo [kWh] | F1: =Datos!F1 -> Consumo hs punta [kWh] | G1: =Datos!G1 -> Consumo hs valle [kWh] | H1: =Datos!H1 -> Consumo hs resto[kWh] | ... X1: =Datos!X1 -> SIN PANELES S/IVA | Y1: =Datos!Z1 | Z1: =Datos!AA1
A2: =IFERROR(__xludf.DUMMYFUNCTION("FILTER(Datos!1:1247,Datos!B:B=5320074)"),45977.0) -> 45977 | B2: =IFERROR(__xludf.DUMMYFUNCTION("""COMPUTED_VALUE"""),5320074.0) -> 5320074 | C2: =IFERROR(__xludf.DUMMYFUNCTION("""COMPUTED_VALUE"""),"Imac-RdL") -> Imac-RdL | D2: =IFERROR(__xludf.DUMMYFUNCTION("""COMPUTED_VALUE"""),0.27) -> 0.27 | E2: =IFERROR(__xludf.DUMMYFUNCTION("""COMPUTED_VALUE"""),16473.0) -> 16473 | F2: =IFERROR(__xludf.DUMMYFUNCTION("""COMPUTED_VALUE"""),4042.0) -> 4042 | G2: =IFERROR(__xludf.DUMMYFUNCTION("""COMPUTED_VALUE"""),3998.0) -> 3998 | H2: =IFERROR(__xludf.DUMMYFUNCTION("""COMPUTED_VALUE"""),8433.0) -> 8433 | I2: =IFERROR(__xludf.DUMMYFUNCTION("""COMPUTED_VALUE"""),"T4-Ba") -> T4-Ba | J2: =IFERROR(__xludf.DUMMYFUNCTION("""COMPUTED_VALUE"""),152.0913) -> 152.0913 | K2: =IFERROR(__xludf.DUMMYFUNCTION("""COMPUTED_VALUE"""),149.3017) -> 149.3017 | L2: =IFERROR(__xludf.DUMMYFUNCTION("""COMPUTED_VALUE"""),150.1043) -> 150.1043 | M2: =IFERROR(__xludf.DUMMYFUNCTION("""COMPUTED_VALUE"""),2222.4) -> 2222.4 | N2: =IFERROR(__xludf.DUMMYFUNCTION("""COMPUTED_VALUE"""),18695.4) -> 18695.4 | O2: =IFERROR(__xludf.DUMMYFUNCTION("""COMPUTED_VALUE"""),2477490.7931) -> 2477490.8 | P2: =IFERROR(__xludf.DUMMYFUNCTION("""COMPUTED_VALUE"""),1470.0) -> 1470 | Q2: =IFERROR(__xludf.DUMMYFUNCTION("""COMPUTED_VALUE"""),226.93319477551023) -> 226.93319 | R2: =IFERROR(__xludf.DUMMYFUNCTION("""COMPUTED_VALUE"""),333591.79632) -> 333591.8 | S2: =IFERROR(__xludf.DUMMYFUNCTION("""COMPUTED_VALUE"""),1465.0) -> 1465 | T2: =IFERROR(__xludf.DUMMYFUNCTION("""COMPUTED_VALUE"""),422220.5555395756) -> 422220.56 | U2: =IFERROR(__xludf.DUMMYFUNCTION("""COMPUTED_VALUE"""),444.48) -> 444.48 | V2: =IFERROR(__xludf.DUMMYFUNCTION("""COMPUTED_VALUE"""),20.203636363636363) -> 20.203636 | W2: =IFERROR(__xludf.DUMMYFUNCTION("""COMPUTED_VALUE"""),0.11867022248849288) -> 0.11867022 | X2: =IFERROR(__xludf.DUMMYFUNCTION("""COMPUTED_VALUE"""),2811082.58942) -> 2811082.6
A3: =IFERROR(__xludf.DUMMYFUNCTION("""COMPUTED_VALUE"""),45931.0) -> 45931 | B3: =IFERROR(__xludf.DUMMYFUNCTION("""COMPUTED_VALUE"""),5320074.0) -> 5320074 | C3: =IFERROR(__xludf.DUMMYFUNCTION("""COMPUTED_VALUE"""),"Imac-RdL") -> Imac-RdL | D3: =IFERROR(__xludf.DUMMYFUNCTION("""COMPUTED_VALUE"""),0.27) -> 0.27 | E3: =IFERROR(__xludf.DUMMYFUNCTION("""COMPUTED_VALUE"""),17195.0) -> 17195 | F3: =IFERROR(__xludf.DUMMYFUNCTION("""COMPUTED_VALUE"""),4089.0) -> 4089 | G3: =IFERROR(__xludf.DUMMYFUNCTION("""COMPUTED_VALUE"""),4303.0) -> 4303 | H3: =IFERROR(__xludf.DUMMYFUNCTION("""COMPUTED_VALUE"""),8803.0) -> 8803 | I3: =IFERROR(__xludf.DUMMYFUNCTION("""COMPUTED_VALUE"""),"T4-Ba") -> T4-Ba | J3: =IFERROR(__xludf.DUMMYFUNCTION("""COMPUTED_VALUE"""),159.8077) -> 159.8077 | K3: =IFERROR(__xludf.DUMMYFUNCTION("""COMPUTED_VALUE"""),156.9735) -> 156.9735 | L3: =IFERROR(__xludf.DUMMYFUNCTION("""COMPUTED_VALUE"""),158.2241) -> 158.2241 | M3: =IFERROR(__xludf.DUMMYFUNCTION("""COMPUTED_VALUE"""),2277.8) -> 2277.8 | N3: =IFERROR(__xludf.DUMMYFUNCTION("""COMPUTED_VALUE"""),19472.8) -> 19472.8 | O3: =IFERROR(__xludf.DUMMYFUNCTION("""COMPUTED_VALUE"""),2721757.4081) -> 2721757.4 | P3: =IFERROR(__xludf.DUMMYFUNCTION("""COMPUTED_VALUE"""),1450.0) -> 1450 | Q3: =IFERROR(__xludf.DUMMYFUNCTION("""COMPUTED_VALUE"""),248.55369308965518) -> 248.55369 | R3: =IFERROR(__xludf.DUMMYFUNCTION("""COMPUTED_VALUE"""),360402.85498) -> 360402.85 | S3: =IFERROR(__xludf.DUMMYFUNCTION("""COMPUTED_VALUE"""),1465.0) -> 1465 | T3: =IFERROR(__xludf.DUMMYFUNCTION("""COMPUTED_VALUE"""),462446.573677958) -> 462446.57 | U3: =IFERROR(__xludf.DUMMYFUNCTION("""COMPUTED_VALUE"""),455.56000000000006) -> 455.56 | V3: =IFERROR(__xludf.DUMMYFUNCTION("""COMPUTED_VALUE"""),20.70727272727273) -> 20.707273 | W3: =IFERROR(__xludf.DUMMYFUNCTION("""COMPUTED_VALUE"""),0.1169318997772847) -> 0.1169319 | X3: =IFERROR(__xludf.DUMMYFUNCTION("""COMPUTED_VALUE"""),3082160.26308) -> 3082160.3
A4: =IFERROR(__xludf.DUMMYFUNCTION("""COMPUTED_VALUE"""),45931.0) -> 45931 | B4: =IFERROR(__xludf.DUMMYFUNCTION("""COMPUTED_VALUE"""),5320074.0) -> 5320074 | C4: =IFERROR(__xludf.DUMMYFUNCTION("""COMPUTED_VALUE"""),"Imac-RdelaF") -> Imac-RdelaF | D4: =IFERROR(__xludf.DUMMYFUNCTION("""COMPUTED_VALUE"""),0.27) -> 0.27 | E4: =IFERROR(__xludf.DUMMYFUNCTION("""COMPUTED_VALUE"""),2045.0) -> 2045 | F4: =IFERROR(__xludf.DUMMYFUNCTION("""COMPUTED_VALUE"""),589.0) -> 589 | G4: =IFERROR(__xludf.DUMMYFUNCTION("""COMPUTED_VALUE"""),396.0) -> 396 | H4: =IFERROR(__xludf.DUMMYFUNCTION("""COMPUTED_VALUE"""),1060.0) -> 1060 | I4: =IFERROR(__xludf.DUMMYFUNCTION("""COMPUTED_VALUE"""),"T4-Ba") -> T4-Ba | J4: =IFERROR(__xludf.DUMMYFUNCTION("""COMPUTED_VALUE"""),159.8077) -> 159.8077 | K4: =IFERROR(__xludf.DUMMYFUNCTION("""COMPUTED_VALUE"""),156.9735) -> 156.9735 | L4: =IFERROR(__xludf.DUMMYFUNCTION("""COMPUTED_VALUE"""),158.2241) -> 158.2241 | M4: =IFERROR(__xludf.DUMMYFUNCTION("""COMPUTED_VALUE"""),713.1) -> 713.1 | N4: =IFERROR(__xludf.DUMMYFUNCTION("""COMPUTED_VALUE"""),2758.1) -> 2758.1 | O4: =IFERROR(__xludf.DUMMYFUNCTION("""COMPUTED_VALUE"""),324005.78729999997) -> 324005.79 | P4: =IFERROR(__xludf.DUMMYFUNCTION("""COMPUTED_VALUE"""),1450.0) -> 1450 | Q4: =IFERROR(__xludf.DUMMYFUNCTION("""COMPUTED_VALUE"""),77.81352117931034) -> 77.813521 | R4: =IFERROR(__xludf.DUMMYFUNCTION("""COMPUTED_VALUE"""),112829.60571) -> 112829.61 | S4: =IFERROR(__xludf.DUMMYFUNCTION("""COMPUTED_VALUE"""),1465.0) -> 1465 | T4: =IFERROR(__xludf.DUMMYFUNCTION("""COMPUTED_VALUE"""),144775.94683016586) -> 144775.95 | U4: =IFERROR(__xludf.DUMMYFUNCTION("""COMPUTED_VALUE"""),142.62) -> 142.62 | V4: =IFERROR(__xludf.DUMMYFUNCTION("""COMPUTED_VALUE"""),6.482727272727273) -> 6.4827273 | W4: =IFERROR(__xludf.DUMMYFUNCTION("""COMPUTED_VALUE"""),0.258288608284579) -> 0.25828861 | X4: =IFERROR(__xludf.DUMMYFUNCTION("""COMPUTED_VALUE"""),436835.39301) -> 436835.39
A5: =IFERROR(__xludf.DUMMYFUNCTION("""COMPUTED_VALUE"""),45916.0) -> 45916 | B5: =IFERROR(__xludf.DUMMYFUNCTION("""COMPUTED_VALUE"""),5320074.0) -> 5320074 | C5: =IFERROR(__xludf.DUMMYFUNCTION("""COMPUTED_VALUE"""),"Imac-RdL") -> Imac-RdL | D5: =IFERROR(__xludf.DUMMYFUNCTION("""COMPUTED_VALUE"""),0.27) -> 0.27 | E5: =IFERROR(__xludf.DUMMYFUNCTION("""COMPUTED_VALUE"""),19794.0) -> 19794 | F5: =IFERROR(__xludf.DUMMYFUNCTION("""COMPUTED_VALUE"""),4729.0) -> 4729 | G5: =IFERROR(__xludf.DUMMYFUNCTION("""COMPUTED_VALUE"""),4961.0) -> 4961 | H5: =IFERROR(__xludf.DUMMYFUNCTION("""COMPUTED_VALUE"""),10104.0) -> 10104 | I5: =IFERROR(__xludf.DUMMYFUNCTION("""COMPUTED_VALUE"""),"T4-Ba") -> T4-Ba | J5: =IFERROR(__xludf.DUMMYFUNCTION("""COMPUTED_VALUE"""),159.1156) -> 159.1156 | K5: =IFERROR(__xludf.DUMMYFUNCTION("""COMPUTED_VALUE"""),156.2753) -> 156.2753 | L5: =IFERROR(__xludf.DUMMYFUNCTION("""COMPUTED_VALUE"""),157.5295) -> 157.5295 | M5: =IFERROR(__xludf.DUMMYFUNCTION("""COMPUTED_VALUE"""),2458.1) -> 2458.1 | N5: =IFERROR(__xludf.DUMMYFUNCTION("""COMPUTED_VALUE"""),22252.1) -> 22252.1 | O5: =IFERROR(__xludf.DUMMYFUNCTION("""COMPUTED_VALUE"""),3119417.5037000002) -> 3119417.5 | P5: =IFERROR(__xludf.DUMMYFUNCTION("""COMPUTED_VALUE"""),1425.0) -> 1425 | Q5: =IFERROR(__xludf.DUMMYFUNCTION("""COMPUTED_VALUE"""),271.7356238245614) -> 271.73562 | R5: =IFERROR(__xludf.DUMMYFUNCTION("""COMPUTED_VALUE"""),387223.26395) -> 387223.26 | S5: =IFERROR(__xludf.DUMMYFUNCTION("""COMPUTED_VALUE"""),1465.0) -> 1465 | T5: =IFERROR(__xludf.DUMMYFUNCTION("""COMPUTED_VALUE"""),505577.71490678773) -> 505577.71 | U5: =IFERROR(__xludf.DUMMYFUNCTION("""COMPUTED_VALUE"""),491.62) -> 491.62 | V5: =IFERROR(__xludf.DUMMYFUNCTION("""COMPUTED_VALUE"""),22.346363636363638) -> 22.346364 | W5: =IFERROR(__xludf.DUMMYFUNCTION("""COMPUTED_VALUE"""),0.1104257007225466) -> 0.1104257 | X5: =IFERROR(__xludf.DUMMYFUNCTION("""COMPUTED_VALUE"""),3506640.7676500003) -> 3506640.8
A6: =IFERROR(__xludf.DUMMYFUNCTION("""COMPUTED_VALUE"""),45839.0) -> 45839 | B6: =IFERROR(__xludf.DUMMYFUNCTION("""COMPUTED_VALUE"""),5320074.0) -> 5320074 | C6: =IFERROR(__xludf.DUMMYFUNCTION("""COMPUTED_VALUE"""),"Imac-RdL") -> Imac-RdL | D6: =IFERROR(__xludf.DUMMYFUNCTION("""COMPUTED_VALUE"""),0.27) -> 0.27 | E6: =IFERROR(__xludf.DUMMYFUNCTION("""COMPUTED_VALUE"""),24776.0) -> 24776 | F6: =IFERROR(__xludf.DUMMYFUNCTION("""COMPUTED_VALUE"""),5288.0) -> 5288 | G6: =IFERROR(__xludf.DUMMYFUNCTION("""COMPUTED_VALUE"""),6052.0) -> 6052 | H6: =IFERROR(__xludf.DUMMYFUNCTION("""COMPUTED_VALUE"""),13436.0) -> 13436 | I6: =IFERROR(__xludf.DUMMYFUNCTION("""COMPUTED_VALUE"""),"T4-Ba") -> T4-Ba | J6: =IFERROR(__xludf.DUMMYFUNCTION("""COMPUTED_VALUE"""),149.9317) -> 149.9317 | K6: =IFERROR(__xludf.DUMMYFUNCTION("""COMPUTED_VALUE"""),147.0841) -> 147.0841 | L6: =IFERROR(__xludf.DUMMYFUNCTION("""COMPUTED_VALUE"""),148.3408) -> 148.3408 | M6: =IFERROR(__xludf.DUMMYFUNCTION("""COMPUTED_VALUE"""),2113.1) -> 2113.1 | N6: =IFERROR(__xludf.DUMMYFUNCTION("""COMPUTED_VALUE"""),26889.1) -> 26889.1 | O6: =IFERROR(__xludf.DUMMYFUNCTION("""COMPUTED_VALUE"""),3676098.7916) -> 3676098.8 | P6: =IFERROR(__xludf.DUMMYFUNCTION("""COMPUTED_VALUE"""),1280.0) -> 1280 | Q6: =IFERROR(__xludf.DUMMYFUNCTION("""COMPUTED_VALUE"""),244.889800375) -> 244.8898 | R6: =IFERROR(__xludf.DUMMYFUNCTION("""COMPUTED_VALUE"""),313458.94448) -> 313458.94 | S6: =IFERROR(__xludf.DUMMYFUNCTION("""COMPUTED_VALUE"""),1465.0) -> 1465 | T6: =IFERROR(__xludf.DUMMYFUNCTION("""COMPUTED_VALUE"""),455629.71808770625) -> 455629.72 | U6: =IFERROR(__xludf.DUMMYFUNCTION("""COMPUTED_VALUE"""),422.62) -> 422.62 | V6: =IFERROR(__xludf.DUMMYFUNCTION("""COMPUTED_VALUE"""),19.21) -> 19.21 | W6: =IFERROR(__xludf.DUMMYFUNCTION("""COMPUTED_VALUE"""),0.07856984789196053) -> 0.078569848 | X6: =IFERROR(__xludf.DUMMYFUNCTION("""COMPUTED_VALUE"""),3989557.73608) -> 3989557.7
A7: =IFERROR(__xludf.DUMMYFUNCTION("""COMPUTED_VALUE"""),45809.0) -> 45809 | B7: =IFERROR(__xludf.DUMMYFUNCTION("""COMPUTED_VALUE"""),5320074.0) -> 5320074 | C7: =IFERROR(__xludf.DUMMYFUNCTION("""COMPUTED_VALUE"""),"Imac-RdL") -> Imac-RdL | D7: =IFERROR(__xludf.DUMMYFUNCTION("""COMPUTED_VALUE"""),0.27) -> 0.27 | E7: =IFERROR(__xludf.DUMMYFUNCTION("""COMPUTED_VALUE"""),25754.0) -> 25754 | F7: =IFERROR(__xludf.DUMMYFUNCTION("""COMPUTED_VALUE"""),5515.0) -> 5515 | G7: =IFERROR(__xludf.DUMMYFUNCTION("""COMPUTED_VALUE"""),6352.0) -> 6352 | H7: =IFERROR(__xludf.DUMMYFUNCTION("""COMPUTED_VALUE"""),13887.0) -> 13887 | I7: =IFERROR(__xludf.DUMMYFUNCTION("""COMPUTED_VALUE"""),"T4-Ba") -> T4-Ba | J7: =IFERROR(__xludf.DUMMYFUNCTION("""COMPUTED_VALUE"""),147.7231) -> 147.7231 | K7: =IFERROR(__xludf.DUMMYFUNCTION("""COMPUTED_VALUE"""),144.9122) -> 144.9122 | L7: =IFERROR(__xludf.DUMMYFUNCTION("""COMPUTED_VALUE"""),146.1513) -> 146.1513 | M7: =IFERROR(__xludf.DUMMYFUNCTION("""COMPUTED_VALUE"""),1946.6) -> 1946.6 | N7: =IFERROR(__xludf.DUMMYFUNCTION("""COMPUTED_VALUE"""),27700.6) -> 27700.6 | O7: =IFERROR(__xludf.DUMMYFUNCTION("""COMPUTED_VALUE"""),3764778.2939999998) -> 3764778.3 | P7: =IFERROR(__xludf.DUMMYFUNCTION("""COMPUTED_VALUE"""),1280.0) -> 1280 | Q7: =IFERROR(__xludf.DUMMYFUNCTION("""COMPUTED_VALUE"""),222.264156703125) -> 222.26416 | R7: =IFERROR(__xludf.DUMMYFUNCTION("""COMPUTED_VALUE"""),284498.12058) -> 284498.12 | S7: =IFERROR(__xludf.DUMMYFUNCTION("""COMPUTED_VALUE"""),1465.0) -> 1465 | T7: =IFERROR(__xludf.DUMMYFUNCTION("""COMPUTED_VALUE"""),413533.57675399916) -> 413533.58 | U7: =IFERROR(__xludf.DUMMYFUNCTION("""COMPUTED_VALUE"""),389.32) -> 389.32 | V7: =IFERROR(__xludf.DUMMYFUNCTION("""COMPUTED_VALUE"""),17.696363636363635) -> 17.696364 | W7: =IFERROR(__xludf.DUMMYFUNCTION("""COMPUTED_VALUE"""),0.07025900221472255) -> 0.070259002 | X7: =IFERROR(__xludf.DUMMYFUNCTION("""COMPUTED_VALUE"""),4049276.4145799996) -> 4049276.4
A8: =IFERROR(__xludf.DUMMYFUNCTION("""COMPUTED_VALUE"""),45778.0) -> 45778 | B8: =IFERROR(__xludf.DUMMYFUNCTION("""COMPUTED_VALUE"""),5320074.0) -> 5320074 | C8: =IFERROR(__xludf.DUMMYFUNCTION("""COMPUTED_VALUE"""),"Imac-RdL") -> Imac-RdL | D8: =IFERROR(__xludf.DUMMYFUNCTION("""COMPUTED_VALUE"""),0.27) -> 0.27 | E8: =IFERROR(__xludf.DUMMYFUNCTION("""COMPUTED_VALUE"""),17995.0) -> 17995 | F8: =IFERROR(__xludf.DUMMYFUNCTION("""COMPUTED_VALUE"""),4080.0) -> 4080 | G8: =IFERROR(__xludf.DUMMYFUNCTION("""COMPUTED_VALUE"""),4277.0) -> 4277 | H8: =IFERROR(__xludf.DUMMYFUNCTION("""COMPUTED_VALUE"""),9638.0) -> 9638 | I8: =IFERROR(__xludf.DUMMYFUNCTION("""COMPUTED_VALUE"""),"T4-Ba") -> T4-Ba | J8: =IFERROR(__xludf.DUMMYFUNCTION("""COMPUTED_VALUE"""),145.3784) -> 145.3784 | K8: =IFERROR(__xludf.DUMMYFUNCTION("""COMPUTED_VALUE"""),142.6091) -> 142.6091 | L8: =IFERROR(__xludf.DUMMYFUNCTION("""COMPUTED_VALUE"""),143.8316) -> 143.8316 | M8: =IFERROR(__xludf.DUMMYFUNCTION("""COMPUTED_VALUE"""),1726.4) -> 1726.4 | N8: =IFERROR(__xludf.DUMMYFUNCTION("""COMPUTED_VALUE"""),19721.4) -> 19721.4 | O8: =IFERROR(__xludf.DUMMYFUNCTION("""COMPUTED_VALUE"""),2589331.9535) -> 2589332 | P8: =IFERROR(__xludf.DUMMYFUNCTION("""COMPUTED_VALUE"""),1200.0) -> 1200 | Q8: =IFERROR(__xludf.DUMMYFUNCTION("""COMPUTED_VALUE"""),206.92572853333337) -> 206.92573 | R8: =IFERROR(__xludf.DUMMYFUNCTION("""COMPUTED_VALUE"""),248310.87424000003) -> 248310.87 | S8: =IFERROR(__xludf.DUMMYFUNCTION("""COMPUTED_VALUE"""),1465.0) -> 1465 | T8: =IFERROR(__xludf.DUMMYFUNCTION("""COMPUTED_VALUE"""),384995.66422269336) -> 384995.66 | U8: =IFERROR(__xludf.DUMMYFUNCTION("""COMPUTED_VALUE"""),345.28000000000003) -> 345.28 | V8: =IFERROR(__xludf.DUMMYFUNCTION("""COMPUTED_VALUE"""),15.694545454545455) -> 15.694545 | W8: =IFERROR(__xludf.DUMMYFUNCTION("""COMPUTED_VALUE"""),0.08750603557733996) -> 0.087506036 | X8: =IFERROR(__xludf.DUMMYFUNCTION("""COMPUTED_VALUE"""),2837642.8277399996) -> 2837642.8
A9: =IFERROR(__xludf.DUMMYFUNCTION("""COMPUTED_VALUE"""),45748.0) -> 45748 | B9: =IFERROR(__xludf.DUMMYFUNCTION("""COMPUTED_VALUE"""),5320074.0) -> 5320074 | C9: =IFERROR(__xludf.DUMMYFUNCTION("""COMPUTED_VALUE"""),"Imac-RdL") -> Imac-RdL | D9: =IFERROR(__xludf.DUMMYFUNCTION("""COMPUTED_VALUE"""),0.27) -> 0.27 | E9: =IFERROR(__xludf.DUMMYFUNCTION("""COMPUTED_VALUE"""),18432.0) -> 18432 | F9: =IFERROR(__xludf.DUMMYFUNCTION("""COMPUTED_VALUE"""),4028.0) -> 4028 | G9: =IFERROR(__xludf.DUMMYFUNCTION("""COMPUTED_VALUE"""),4348.0) -> 4348 | H9: =IFERROR(__xludf.DUMMYFUNCTION("""COMPUTED_VALUE"""),10056.0) -> 10056 | I9: =IFERROR(__xludf.DUMMYFUNCTION("""COMPUTED_VALUE"""),"T4-Ba") -> T4-Ba | J9: =IFERROR(__xludf.DUMMYFUNCTION("""COMPUTED_VALUE"""),140.7177) -> 140.7177 | K9: =IFERROR(__xludf.DUMMYFUNCTION("""COMPUTED_VALUE"""),138.0092) -> 138.0092 | L9: =IFERROR(__xludf.DUMMYFUNCTION("""COMPUTED_VALUE"""),139.205) -> 139.205 | M9: =IFERROR(__xludf.DUMMYFUNCTION("""COMPUTED_VALUE"""),735.3) -> 735.3 | N9: =IFERROR(__xludf.DUMMYFUNCTION("""COMPUTED_VALUE"""),19167.3) -> 19167.3 | O9: =IFERROR(__xludf.DUMMYFUNCTION("""COMPUTED_VALUE"""),2566720.3772) -> 2566720.4 | P9: =IFERROR(__xludf.DUMMYFUNCTION("""COMPUTED_VALUE"""),1140.0) -> 1140 | Q9: =IFERROR(__xludf.DUMMYFUNCTION("""COMPUTED_VALUE"""),89.78722499999999) -> 89.787225 | R9: =IFERROR(__xludf.DUMMYFUNCTION("""COMPUTED_VALUE"""),102357.4365) -> 102357.44 | S9: =IFERROR(__xludf.DUMMYFUNCTION("""COMPUTED_VALUE"""),1465.0) -> 1465 | T9: =IFERROR(__xludf.DUMMYFUNCTION("""COMPUTED_VALUE"""),167053.62147375) -> 167053.62 | U9: =IFERROR(__xludf.DUMMYFUNCTION("""COMPUTED_VALUE"""),147.06) -> 147.06 | V9: =IFERROR(__xludf.DUMMYFUNCTION("""COMPUTED_VALUE"""),6.684545454545455) -> 6.6845455 | W9: =IFERROR(__xludf.DUMMYFUNCTION("""COMPUTED_VALUE"""),0.03834936395432673) -> 0.038349364 | X9: =IFERROR(__xludf.DUMMYFUNCTION("""COMPUTED_VALUE"""),2669077.8137) -> 2669077.8

Sheet Imac-RdelL Trimestral
A1: =Datos!A1 -> Fecha | B1: =Datos!B1 -> NIS | C1: =Datos!C1 -> Cliente | D1: =Datos!D1 -> IVA | E1: =Datos!E1 -> Consumo [kWh] | F1: =Datos!F1 -> Consumo hs punta [kWh] | G1: =Datos!G1 -> Consumo hs valle [kWh] | H1: =Datos!H1 -> Consumo hs resto[kWh] | ... X1: =Datos!X1 -> SIN PANELES S/IVA | Y1: =Datos!Z1 | Z1: =Datos!AA1
A2: ='Imac-RdelL'!A2 -> 45977 | B2: ='Imac-RdelL'!B2 -> 5320074 | C2: ='Imac-RdelL'!C2 -> Imac-RdL | D2: ='Imac-RdelL'!D2 -> 0.27 | E2: ='Imac-RdelL'!E2 -> 16473 | F2: ='Imac-RdelL'!F2 -> 4042 | G2: ='Imac-RdelL'!G2 -> 3998 | H2: ='Imac-RdelL'!H2 -> 8433 | ... X2: ='Imac-RdelL'!X2 -> 2811082.6
A3: ='Imac-RdelL'!A3 -> 45931 | B3: ='Imac-RdelL'!B3 -> 5320074 | C3: ='Imac-RdelL'!C3 -> Imac-RdL | D3: ='Imac-RdelL'!D3 -> 0.27 | E3: ='Imac-RdelL'!E3 -> 17195 | F3: ='Imac-RdelL'!F3 -> 4089 | G3: ='Imac-RdelL'!G3 -> 4303 | H3: ='Imac-RdelL'!H3 -> 8803 | ... X3: ='Imac-RdelL'!X3 -> 3082160.3
A4: ='Imac-RdelL'!A4 -> 45931 | B4: ='Imac-RdelL'!B4 -> 5320074 | C4: ='Imac-RdelL'!C4 -> Imac-RdelaF | D4: ='Imac-RdelL'!D4 -> 0.27 | E4: ='Imac-RdelL'!E4 -> 2045 | F4: ='Imac-RdelL'!F4 -> 589 | G4: ='Imac-RdelL'!G4 -> 396 | H4: ='Imac-RdelL'!H4 -> 1060 | ... X4: ='Imac-RdelL'!X4 -> 436835.39

Sheet Agustín Lanus
A1: =Datos!A1 -> Fecha | B1: =Datos!B1 -> NIS | C1: =Datos!C1 -> Cliente | D1: =Datos!D1 -> IVA | E1: =Datos!E1 -> Consumo [kWh] | F1: =Datos!F1 -> Consumo hs punta [kWh] | G1: =Datos!G1 -> Consumo hs valle [kWh] | H1: =Datos!H1 -> Consumo hs resto[kWh] | ... X1: =Datos!X1 -> SIN PANELES S/IVA | Y1: =Datos!Z1 | Z1: =Datos!AA1
A2: =IFERROR(__xludf.DUMMYFUNCTION("FILTER(Datos!1:1247,Datos!B:B=5238577)"),45992.0) -> 45992 | B2: =IFERROR(__xludf.DUMMYFUNCTION("""COMPUTED_VALUE"""),5238577.0) -> 5238577 | C2: =IFERROR(__xludf.DUMMYFUNCTION("""COMPUTED_VALUE"""),"Agustín Lanús") -> Agustín Lanús | D2: =IFERROR(__xludf.DUMMYFUNCTION("""COMPUTED_VALUE"""),0.27) -> 0.27 | E2: =IFERROR(__xludf.DUMMYFUNCTION("""COMPUTED_VALUE"""),6223.0) -> 6223 | F2: =IFERROR(__xludf.DUMMYFUNCTION("""COMPUTED_VALUE"""),0.0) -> 0 | G2: =IFERROR(__xludf.DUMMYFUNCTION("""COMPUTED_VALUE"""),0.0) -> 0 | H2: =IFERROR(__xludf.DUMMYFUNCTION("""COMPUTED_VALUE"""),6223.0) -> 6223 | I2: =IFERROR(__xludf.DUMMYFUNCTION("""COMPUTED_VALUE"""),"T2-Ba") -> T2-Ba | J2: =IFERROR(__xludf.DUMMYFUNCTION("""COMPUTED_VALUE"""),148.2814) -> 148.2814 | K2: =IFERROR(__xludf.DUMMYFUNCTION("""COMPUTED_VALUE"""),148.2814) -> 148.2814 | L2: =IFERROR(__xludf.DUMMYFUNCTION("""COMPUTED_VALUE"""),148.2814) -> 148.2814 | M2: =IFERROR(__xludf.DUMMYFUNCTION("""COMPUTED_VALUE"""),1543.5) -> 1543.5 | N2: =IFERROR(__xludf.DUMMYFUNCTION("""COMPUTED_VALUE"""),7766.5) -> 7766.5 | O2: =IFERROR(__xludf.DUMMYFUNCTION("""COMPUTED_VALUE"""),922755.1521999999) -> 922755.15 | P2: =IFERROR(__xludf.DUMMYFUNCTION("""COMPUTED_VALUE"""),1470.0) -> 1470 | Q2: =IFERROR(__xludf.DUMMYFUNCTION("""COMPUTED_VALUE"""),155.69547) -> 155.69547 | R2: =IFERROR(__xludf.DUMMYFUNCTION("""COMPUTED_VALUE"""),228872.3409) -> 228872.34 | S2: =IFERROR(__xludf.DUMMYFUNCTION("""COMPUTED_VALUE"""),1465.0) -> 1465 | T2: =IFERROR(__xludf.DUMMYFUNCTION("""COMPUTED_VALUE"""),289679.2067085) -> 289679.21 | U2: =IFERROR(__xludf.DUMMYFUNCTION("""COMPUTED_VALUE"""),308.70000000000005) -> 308.7 | V2: =IFERROR(__xludf.DUMMYFUNCTION("""COMPUTED_VALUE"""),14.031818181818183) -> 14.031818 | W2: =IFERROR(__xludf.DUMMYFUNCTION("""COMPUTED_VALUE"""),0.19873817034700317) -> 0.19873817 | X2: =IFERROR(__xludf.DUMMYFUNCTION("""COMPUTED_VALUE"""),1151627.4930999998) -> 1151627.5
A3: =IFERROR(__xludf.DUMMYFUNCTION("""COMPUTED_VALUE"""),45975.0) -> 45975 | B3: =IFERROR(__xludf.DUMMYFUNCTION("""COMPUTED_VALUE"""),5238577.0) -> 5238577 | C3: =IFERROR(__xludf.DUMMYFUNCTION("""COMPUTED_VALUE"""),"Agustín Lanús") -> Agustín Lanús | D3: =IFERROR(__xludf.DUMMYFUNCTION("""COMPUTED_VALUE"""),0.27) -> 0.27 | E3: =IFERROR(__xludf.DUMMYFUNCTION("""COMPUTED_VALUE"""),6333.0) -> 6333 | H3: =IFERROR(__xludf.DUMMYFUNCTION("""COMPUTED_VALUE"""),6333.0) -> 6333 | I3: =IFERROR(__xludf.DUMMYFUNCTION("""COMPUTED_VALUE"""),"T2-Ba") -> T2-Ba | J3: =IFERROR(__xludf.DUMMYFUNCTION("""COMPUTED_VALUE"""),145.8675) -> 145.8675 | K3: =IFERROR(__xludf.DUMMYFUNCTION("""COMPUTED_VALUE"""),145.8675) -> 145.8675 | L3: =IFERROR(__xludf.DUMMYFUNCTION("""COMPUTED_VALUE"""),145.8675) -> 145.8675 | M3: =IFERROR(__xludf.DUMMYFUNCTION("""COMPUTED_VALUE"""),1722.9) -> 1722.9 | N3: =IFERROR(__xludf.DUMMYFUNCTION("""COMPUTED_VALUE"""),8055.9) -> 8055.9 | O3: =IFERROR(__xludf.DUMMYFUNCTION("""COMPUTED_VALUE"""),923778.8775000001) -> 923778.88 | P3: =IFERROR(__xludf.DUMMYFUNCTION("""COMPUTED_VALUE"""),1470.0) -> 1470 | Q3: =IFERROR(__xludf.DUMMYFUNCTION("""COMPUTED_VALUE"""),170.9626637755102) -> 170.96266 | R3: =IFERROR(__xludf.DUMMYFUNCTION("""COMPUTED_VALUE"""),251315.11575) -> 251315.12 | S3: =IFERROR(__xludf.DUMMYFUNCTION("""COMPUTED_VALUE"""),1465.0) -> 1465 | T3: =IFERROR(__xludf.DUMMYFUNCTION("""COMPUTED_VALUE"""),318084.58408752555) -> 318084.58 | U3: =IFERROR(__xludf.DUMMYFUNCTION("""COMPUTED_VALUE"""),344.58000000000004) -> 344.58 | V3: =IFERROR(__xludf.DUMMYFUNCTION("""COMPUTED_VALUE"""),15.662727272727274) -> 15.662727 | W3: =IFERROR(__xludf.DUMMYFUNCTION("""COMPUTED_VALUE"""),0.21386809667448703) -> 0.2138681 | X3: =IFERROR(__xludf.DUMMYFUNCTION("""COMPUTED_VALUE"""),1175093.99325) -> 1175094
A4: =IFERROR(__xludf.DUMMYFUNCTION("""COMPUTED_VALUE"""),45931.0) -> 45931 | B4: =IFERROR(__xludf.DUMMYFUNCTION("""COMPUTED_VALUE"""),5238577.0) -> 5238577 | C4: =IFERROR(__xludf.DUMMYFUNCTION("""COMPUTED_VALUE"""),"Agustín Lanús") -> Agustín Lanús | D4: =IFERROR(__xludf.DUMMYFUNCTION("""COMPUTED_VALUE"""),0.27) -> 0.27 | E4: =IFERROR(__xludf.DUMMYFUNCTION("""COMPUTED_VALUE"""),7040.0) -> 7040 | H4: =IFERROR(__xludf.DUMMYFUNCTION("""COMPUTED_VALUE"""),7040.0) -> 7040 | I4: =IFERROR(__xludf.DUMMYFUNCTION("""COMPUTED_VALUE"""),"T2-Ba") -> T2-Ba | J4: =IFERROR(__xludf.DUMMYFUNCTION("""COMPUTED_VALUE"""),157.071) -> 157.071 | K4: =IFERROR(__xludf.DUMMYFUNCTION("""COMPUTED_VALUE"""),157.071) -> 157.071 | L4: =IFERROR(__xludf.DUMMYFUNCTION("""COMPUTED_VALUE"""),157.071) -> 157.071 | M4: =IFERROR(__xludf.DUMMYFUNCTION("""COMPUTED_VALUE"""),2127.4) -> 2127.4 | N4: =IFERROR(__xludf.DUMMYFUNCTION("""COMPUTED_VALUE"""),9167.4) -> 9167.4 | O4: =IFERROR(__xludf.DUMMYFUNCTION("""COMPUTED_VALUE"""),1105779.84) -> 1105779.8 | P4: =IFERROR(__xludf.DUMMYFUNCTION("""COMPUTED_VALUE"""),1450.0) -> 1450 | Q4: =IFERROR(__xludf.DUMMYFUNCTION("""COMPUTED_VALUE"""),230.45023820689656) -> 230.45024 | R4: =IFERROR(__xludf.DUMMYFUNCTION("""COMPUTED_VALUE"""),334152.8454) -> 334152.85 | S4: =IFERROR(__xludf.DUMMYFUNCTION("""COMPUTED_VALUE"""),1465.0) -> 1465 | T4: =IFERROR(__xludf.DUMMYFUNCTION("""COMPUTED_VALUE"""),428764.1906958414) -> 428764.19 | U4: =IFERROR(__xludf.DUMMYFUNCTION("""COMPUTED_VALUE"""),425.48) -> 425.48 | V4: =IFERROR(__xludf.DUMMYFUNCTION("""COMPUTED_VALUE"""),19.34) -> 19.34 | W4: =IFERROR(__xludf.DUMMYFUNCTION("""COMPUTED_VALUE"""),0.23206143508519317) -> 0.23206144 | X4: =IFERROR(__xludf.DUMMYFUNCTION("""COMPUTED_VALUE"""),1439932.6854) -> 1439932.7
A5: =IFERROR(__xludf.DUMMYFUNCTION("""COMPUTED_VALUE"""),45914.0) -> 45914 | B5: =IFERROR(__xludf.DUMMYFUNCTION("""COMPUTED_VALUE"""),5238577.0) -> 5238577 | C5: =IFERROR(__xludf.DUMMYFUNCTION("""COMPUTED_VALUE"""),"Agustín Lanús") -> Agustín Lanús | D5: =IFERROR(__xludf.DUMMYFUNCTION("""COMPUTED_VALUE"""),0.27) -> 0.27 | E5: =IFERROR(__xludf.DUMMYFUNCTION("""COMPUTED_VALUE"""),2067.0) -> 2067 | H5: =IFERROR(__xludf.DUMMYFUNCTION("""COMPUTED_VALUE"""),2067.0) -> 2067 | I5: =IFERROR(__xludf.DUMMYFUNCTION("""COMPUTED_VALUE"""),"T2-Ba") -> T2-Ba | J5: =IFERROR(__xludf.DUMMYFUNCTION("""COMPUTED_VALUE"""),156.8264) -> 156.8264 | K5: =IFERROR(__xludf.DUMMYFUNCTION("""COMPUTED_VALUE"""),156.8264) -> 156.8264 | L5: =IFERROR(__xludf.DUMMYFUNCTION("""COMPUTED_VALUE"""),156.8264) -> 156.8264 | M5: =IFERROR(__xludf.DUMMYFUNCTION("""COMPUTED_VALUE"""),808.1) -> 808.1 | N5: =IFERROR(__xludf.DUMMYFUNCTION("""COMPUTED_VALUE"""),2875.1) -> 2875.1 | O5: =IFERROR(__xludf.DUMMYFUNCTION("""COMPUTED_VALUE"""),324160.1688) -> 324160.17 | P5: =IFERROR(__xludf.DUMMYFUNCTION("""COMPUTED_VALUE"""),1425.0) -> 1425 | Q5: =IFERROR(__xludf.DUMMYFUNCTION("""COMPUTED_VALUE"""),88.93432550175439) -> 88.934325 | R5: =IFERROR(__xludf.DUMMYFUNCTION("""COMPUTED_VALUE"""),126731.41384000001) -> 126731.41 | S5: =IFERROR(__xludf.DUMMYFUNCTION("""COMPUTED_VALUE"""),1465.0) -> 1465 | T5: =IFERROR(__xludf.DUMMYFUNCTION("""COMPUTED_VALUE"""),165466.75931228913) -> 165466.76 | U5: =IFERROR(__xludf.DUMMYFUNCTION("""COMPUTED_VALUE"""),161.62) -> 161.62 | V5: =IFERROR(__xludf.DUMMYFUNCTION("""COMPUTED_VALUE"""),7.346363636363637) -> 7.3463636 | W5: =IFERROR(__xludf.DUMMYFUNCTION("""COMPUTED_VALUE"""),0.2810684845744496) -> 0.28106848 | X5: =IFERROR(__xludf.DUMMYFUNCTION("""COMPUTED_VALUE"""),450891.58264) -> 450891.58
A6: =IFERROR(__xludf.DUMMYFUNCTION("""COMPUTED_VALUE"""),45882.0) -> 45882 | B6: =IFERROR(__xludf.DUMMYFUNCTION("""COMPUTED_VALUE"""),5238577.0) -> 5238577 | C6: =IFERROR(__xludf.DUMMYFUNCTION("""COMPUTED_VALUE"""),"Agustín Lanús") -> Agustín Lanús | D6: =IFERROR(__xludf.DUMMYFUNCTION("""COMPUTED_VALUE"""),0.27) -> 0.27 | E6: =IFERROR(__xludf.DUMMYFUNCTION("""COMPUTED_VALUE"""),2588.0) -> 2588 | H6: =IFERROR(__xludf.DUMMYFUNCTION("""COMPUTED_VALUE"""),2588.0) -> 2588 | I6: =IFERROR(__xludf.DUMMYFUNCTION("""COMPUTED_VALUE"""),"T2-Ba") -> T2-Ba | J6: =IFERROR(__xludf.DUMMYFUNCTION("""COMPUTED_VALUE"""),156.5178) -> 156.5178 | K6: =IFERROR(__xludf.DUMMYFUNCTION("""COMPUTED_VALUE"""),156.5178) -> 156.5178 | L6: =IFERROR(__xludf.DUMMYFUNCTION("""COMPUTED_VALUE"""),156.5178) -> 156.5178 | M6: =IFERROR(__xludf.DUMMYFUNCTION("""COMPUTED_VALUE"""),1056.9) -> 1056.9 | N6: =IFERROR(__xludf.DUMMYFUNCTION("""COMPUTED_VALUE"""),3644.9) -> 3644.9 | O6: =IFERROR(__xludf.DUMMYFUNCTION("""COMPUTED_VALUE"""),405068.0664) -> 405068.07 | P6: =IFERROR(__xludf.DUMMYFUNCTION("""COMPUTED_VALUE"""),1340.0) -> 1340 | Q6: =IFERROR(__xludf.DUMMYFUNCTION("""COMPUTED_VALUE"""),123.45049464179104) -> 123.45049 | R6: =IFERROR(__xludf.DUMMYFUNCTION("""COMPUTED_VALUE"""),165423.66282) -> 165423.66 | S6: =IFERROR(__xludf.DUMMYFUNCTION("""COMPUTED_VALUE"""),1465.0) -> 1465 | T6: =IFERROR(__xludf.DUMMYFUNCTION("""COMPUTED_VALUE"""),229685.81780578435) -> 229685.82 | U6: =IFERROR(__xludf.DUMMYFUNCTION("""COMPUTED_VALUE"""),211.38000000000002) -> 211.38 | V6: =IFERROR(__xludf.DUMMYFUNCTION("""COMPUTED_VALUE"""),9.60818181818182) -> 9.6081818 | W6: =IFERROR(__xludf.DUMMYFUNCTION("""COMPUTED_VALUE"""),0.28996680293012156) -> 0.2899668 | X6: =IFERROR(__xludf.DUMMYFUNCTION("""COMPUTED_VALUE"""),570491.72922) -> 570491.73
